1;Foucher-Hamel;la possibilité d'évoluer naturellement;143 168 005
2;Hamel LLC;la possibilité de concrétiser vos projets avant-tout;676 822 909
3;Legendre-Nicolas;la liberté d'innover de manière sûre;941 013 636
4;Maillard, Descamps et Perez;le pouvoir de louer en toute tranquilité;227 887 357
5;Gautier et Fils;la liberté de louer à sa source;398 574 130
6;Alexandre-Le Roux;l'assurance de concrétiser vos projets plus simplement;902 844 369
7;Torres, Potier et Pichon;le confort d'atteindre vos buts avant-tout;709 486 443
8;Parent, Becker et Hoareau;la possibilité d'atteindre vos buts plus rapidement;394 556 872
9;Laine S.A.R.L.;le confort d'avancer à sa source;615 218 975
10;Gregoire et Fils;le confort de concrétiser vos projets avant-tout;007 661 178
11;Masse Group;l'avantage d'innover de manière efficace;627 506 155
12;Roger-Guilbert;l'avantage de changer plus facilement;169 502 131
13;Marty-Poulain;la sécurité de changer en toute tranquilité;694 147 485
14;Faure-Henry;la simplicité d'avancer en toute tranquilité;692 579 271
15;Riou-Dumont;le droit d'avancer en toute sécurité;407 238 072
16;Marin, Carlier et Baron;l'avantage d'innover de manière sûre;009 383 064
17;Giraud-Marion;le pouvoir de changer en toute sécurité;519 703 758
18;Joubert-Fleury;la liberté d'évoluer en toute sécurité;692 081 125
19;Maurice, Guyot et Bertin;l'assurance de rouler plus rapidement;795 039 182
20;Dupre SARL;l'avantage d'avancer autrement;437 351 176
21;Garnier, Lefort et Menard;le droit de concrétiser vos projets sans soucis;204 206 803
22;Brunel, Rolland et Renard;la liberté de rouler sans soucis;061 554 384
23;Chevalier-Colin;la possibilité d'innover sans soucis;850 582 318
24;Foucher S.A.;le confort d'atteindre vos buts à la pointe;457 762 472
25;Bertrand-Pichon;le droit d'innover à sa source;600 166 766
26;Letellier S.A.S.;le droit de louer en toute sécurité;503 218 081
27;Martel-Letellier;l'assurance de rouler plus facilement;178 401 575
28;Bodin SA;le confort d'évoluer à l'état pur;055 136 877
29;Giraud, Fournier et Barre;le plaisir de louer autrement;290 282 839
30;Verdier-Maillet;le pouvoir de rouler de manière efficace;159 923 584
31;Gilles, Ferrand et Martineau;l'assurance de concrétiser vos projets plus rapidement;804 640 775
32;Marchal, Marques et Moreau;la possibilité de rouler en toute sécurité;556 659 777
33;Andre-Roussel;le pouvoir de changer plus simplement;142 114 875
34;Fontaine S.A.;la possibilité d'évoluer plus rapidement;620 038 970
35;Thomas S.A.;l'art de changer plus rapidement;287 387 415
36;Millet-Huet;le plaisir d'innover plus simplement;132 267 506
37;Gilbert Group;la possibilité de concrétiser vos projets sans soucis;458 571 801
38;Mercier, Guibert et Blot;l'art d'évoluer de manière sûre;742 715 931
39;Dupont S.A.;le pouvoir de changer de manière efficace;956 367 346
40;Richard-Bernard;le confort de changer plus simplement;333 205 229
41;De Sousa, Costa et Fischer;le pouvoir de concrétiser vos projets à la pointe;754 990 826
42;Vincent S.A.R.L.;l'avantage de rouler de manière sûre;324 330 427
43;Brunel et Fils;l'assurance de rouler de manière sûre;199 296 840
44;Marchand-Weber;l'art de concrétiser vos projets en toute sécurité;414 446 572
45;Poirier, Renaud et Bouvier;le confort d'atteindre vos buts en toute sécurité;918 231 849
46;Delaunay Group;la sécurité d'innover sans soucis;812 322 340
47;Wagner et Fils;le confort de rouler à la pointe;057 180 730
48;Lemonnier S.A.R.L.;l'avantage d'évoluer en toute tranquilité;545 885 006
49;Dupuy Inc;le plaisir de changer à la pointe;322 221 501
50;Moreno-Gallet;l'art d'innover à la pointe;041 010 225
51;Mendes SA;la liberté de louer en toute sécurité;379 917 955
52;Olivier SARL;le confort d'atteindre vos buts à sa source;410 632 007
53;Dupre, Jacquot et Moreno;le pouvoir d'innover naturellement;961 278 211
54;Hoareau-Monnier;la liberté de changer de manière efficace;812 570 928
55;Brun et Fils;le confort d'évoluer sans soucis;064 324 403
56;Becker et Fils;le plaisir d'innover de manière sûre;654 951 726
57;Briand Group;la possibilité de concrétiser vos projets naturellement;999 603 075
58;Potier, Duhamel et Meyer;la possibilité de changer en toute tranquilité;842 652 155
59;Devaux S.A.;la possibilité de rouler naturellement;538 918 925
60;Marchand-Costa;la possibilité d'atteindre vos buts de manière efficace;992 172 533
61;Levy, Klein et Chauvin;l'assurance de rouler plus facilement;216 319 281
62;Allain et Fils;le confort de louer à sa source;237 560 772
63;Germain-Vallee;la sécurité de changer plus facilement;812 810 640
64;Paris et Fils;le pouvoir d'innover à l'état pur;164 828 291
65;Lebon, Lebrun et Marchal;l'assurance de concrétiser vos projets de manière efficace;418 906 046
66;Durand, Barbe et Morin;la sécurité de concrétiser vos projets de manière efficace;688 443 921
67;Renaud-Antoine;l'art d'atteindre vos buts naturellement;890 329 223
68;Legendre, Etienne et Ferrand;la simplicité de rouler de manière efficace;755 718 102
69;Martins-Perrot;l'assurance de rouler plus rapidement;677 863 491
70;Laroche SARL;la liberté de rouler plus simplement;436 838 258
71;Morvan SARL;la sécurité d'innover plus rapidement;214 488 625
72;Le Gall-Barbier;la sécurité de changer en toute sécurité;399 358 882
73;Bertrand-Deschamps;le pouvoir de louer de manière efficace;123 523 918
74;Peron-Berger;la sécurité de changer à l'état pur;446 348 894
75;Coulon-Couturier;la simplicité de changer de manière sûre;649 989 710
76;Berthelot S.A.S.;le confort d'atteindre vos buts naturellement;169 816 761
77;Guilbert, Baudry et Bruneau;l'assurance de louer à l'état pur;200 974 052
78;Laurent SA;l'art d'avancer plus simplement;488 729 131
79;Potier-Voisin;la sécurité de concrétiser vos projets autrement;884 109 566
80;Meunier Inc;l'avantage d'innover sans soucis;546 052 889
81;Peltier, Dumas et Levy;l'art d'atteindre vos buts naturellement;876 337 940
82;Cordier, Mary et Imbert;la simplicité d'évoluer à l'état pur;511 110 895
83;Pasquier-Dijoux;le droit de changer à la pointe;810 460 315
84;Pineau-Leduc;le pouvoir d'innover en toute tranquilité;660 050 399
85;Prevost S.A.;la possibilité de rouler à l'état pur;267 000 231
86;Carlier, Joubert et Morvan;le confort d'avancer à l'état pur;909 857 475
87;Richard-Delorme;la possibilité d'atteindre vos buts de manière sûre;329 467 551
88;Robin et Fils;la sécurité d'évoluer autrement;778 387 202
89;Moreau, Laporte et Laporte;la sécurité de changer plus rapidement;118 558 401
90;Teixeira S.A.;l'art de rouler plus facilement;071 226 853
91;Mercier, Colas et Thierry;l'avantage d'atteindre vos buts plus rapidement;902 713 155
92;Perret S.A.;le pouvoir de concrétiser vos projets à l'état pur;425 714 172
93;Jourdan-Garnier;la liberté de changer autrement;686 205 757
94;Boulanger-Boucher;l'avantage d'évoluer plus rapidement;947 872 150
95;Leblanc Group;le plaisir d'innover à l'état pur;014 619 652
96;Renault-Thibault;la liberté d'évoluer à la pointe;354 577 692
97;Dupont, Lopez et Dumont;l'assurance d'évoluer à l'état pur;712 310 844
98;Petitjean, Charpentier et Samson;le plaisir de concrétiser vos projets de manière sûre;767 341 980
99;De Oliveira, Blondel et Besnard;le pouvoir de concrétiser vos projets à la pointe;640 560 430
100;Girard, Olivier et Menard;la liberté de changer sans soucis;062 058 128
101;Munoz, Menard et Herve;la sécurité d'atteindre vos buts en toute sécurité;689 471 531
102;Gerard S.A.R.L.;le plaisir de louer en toute sécurité;122 058 526
103;Vallet-Fabre;la liberté d'atteindre vos buts en toute sécurité;940 966 400
104;Rossi-Humbert;la simplicité d'atteindre vos buts autrement;105 258 974
105;Bouvier S.A.;le pouvoir d'innover de manière efficace;639 396 330
106;Becker, Potier et Hardy;la simplicité de concrétiser vos projets en toute sécurité;531 881 111
107;Gallet, Chevallier et Chartier;la possibilité de changer autrement;092 329 527
108;Perez LLC;l'assurance d'innover de manière sûre;802 572 228
109;Poulain-Robert;l'art d'évoluer de manière efficace;858 029 625
110;Bourgeois S.A.R.L.;l'assurance d'avancer sans soucis;546 374 190
111;Henry-Pascal;le pouvoir d'innover autrement;170 299 444
112;Courtois-Pineau;le plaisir de louer sans soucis;563 066 614
113;Carre SA;le pouvoir d'innover sans soucis;423 016 131
114;Becker, Mathieu et Dubois;la simplicité d'évoluer autrement;623 137 002
115;Lacombe, Reynaud et Valette;l'art de rouler autrement;544 490 336
116;Techer Group;le confort de louer en toute sécurité;012 073 307
117;Etienne, Louis et Seguin;le pouvoir de changer plus simplement;904 241 717
118;Bousquet-Lefevre;le confort d'atteindre vos buts autrement;466 994 957
119;Pons-Ferreira;l'art de concrétiser vos projets plus simplement;987 117 007
120;Maury Inc;le confort de rouler en toute sécurité;145 694 761
121;Fournier, Roy et Bernier;la sécurité d'atteindre vos buts en toute tranquilité;713 200 794
122;Chauvet-Rolland;la possibilité de changer naturellement;806 091 393
123;Jacquot-Bernard;la liberté de louer autrement;189 387 061
124;Delannoy-Peltier;la liberté de rouler plus facilement;237 730 276
125;Lemonnier Group;la simplicité d'innover sans soucis;058 077 678
126;Courtois-Perret;le plaisir d'atteindre vos buts à l'état pur;068 979 708
127;Jacques Group;la possibilité d'atteindre vos buts avant-tout;676 391 905
128;Delaunay-Bertrand;le droit de concrétiser vos projets à l'état pur;366 626 850
129;Regnier, Pereira et Remy;l'assurance de rouler en toute tranquilité;707 629 443
130;Lagarde, Thibault et Rolland;le plaisir d'avancer avant-tout;338 778 521
131;Lebreton, Jacob et Humbert;le droit d'atteindre vos buts plus facilement;738 465 758
132;Blin-Leblanc;l'assurance d'atteindre vos buts de manière sûre;936 337 947
133;Marion-Mahe;la sécurité de louer plus simplement;382 736 780
134;Delmas, Grondin et Ferreira;la liberté d'avancer plus facilement;340 862 735
135;Ribeiro-Simon;le confort d'évoluer plus rapidement;310 586 130
136;Weber SARL;la possibilité de rouler en toute tranquilité;474 162 893
137;Mathieu, Gosselin et Dubois;le plaisir de changer sans soucis;240 741 887
138;Legros LLC;l'avantage d'évoluer de manière efficace;215 855 504
139;Raynaud-Guillot;le pouvoir de louer de manière sûre;578 478 790
140;Gillet-Imbert;la simplicité de louer plus simplement;754 892 120
141;Fleury SARL;la liberté d'avancer sans soucis;869 686 016
142;Leduc, Valette et Lamy;la possibilité de louer naturellement;875 223 463
143;Lacroix, Levy et Hebert;la possibilité de rouler plus facilement;202 147 449
144;Lopez, Becker et Langlois;l'art d'avancer plus simplement;340 351 725
145;Lejeune-Alexandre;la sécurité d'avancer à sa source;598 525 405
146;Denis-Charpentier;le confort de rouler à sa source;830 347 989
147;Dufour S.A.;l'assurance d'atteindre vos buts en toute sécurité;940 230 890
148;Lebrun SARL;la simplicité d'avancer autrement;439 935 431
149;Bouvier, Vallet et Chevallier;le confort d'innover sans soucis;654 558 065
150;Leclercq-Morel;la liberté d'évoluer sans soucis;469 318 152
151;Lejeune-Guillou;la possibilité de changer à sa source;957 778 302
152;Simon-Marie;le droit d'atteindre vos buts de manière efficace;736 366 856
153;Gallet, Delahaye et Marion;le confort d'atteindre vos buts plus rapidement;172 185 375
154;Normand-Vincent;le droit de changer plus facilement;579 901 770
155;Benoit, Valentin et Blot;la simplicité d'évoluer en toute tranquilité;786 597 624
156;Reynaud, Techer et Barthelemy;la possibilité de louer naturellement;030 594 495
157;Maillet, Rodrigues et Barthelemy;le plaisir de louer avant-tout;869 622 476
158;Picard-Garcia;la liberté d'évoluer plus facilement;808 970 697
159;Le Goff-Leconte;le pouvoir d'atteindre vos buts plus rapidement;358 500 831
160;Benoit et Fils;l'art d'atteindre vos buts de manière efficace;618 551 959
161;Masson-Lacroix;la possibilité de rouler à la pointe;048 625 630
162;Gaillard-Renault;le droit d'innover à sa source;790 637 078
163;Jean-Coste;l'avantage de rouler à l'état pur;764 214 950
164;Letellier, Descamps et Martinez;la simplicité de louer plus simplement;828 732 174
165;Vincent et Fils;la liberté de louer en toute tranquilité;703 004 209
166;Girard, Daniel et Gallet;le confort d'atteindre vos buts à la pointe;317 745 642
167;Leduc SARL;l'avantage d'évoluer de manière efficace;623 766 783
168;Bazin-Boulanger;l'avantage de concrétiser vos projets autrement;218 689 517
169;Delannoy S.A.R.L.;l'art de concrétiser vos projets en toute tranquilité;373 334 465
170;Riou LLC;la liberté d'évoluer à la pointe;986 786 961
171;Brunel et Fils;le pouvoir d'innover plus rapidement;969 249 186
172;Boucher, Charrier et Techer;la possibilité d'innover plus facilement;434 838 916
173;Toussaint, Leduc et Martel;la possibilité d'innover en toute sécurité;293 288 722
174;Philippe, Guilbert et Gros;l'art d'atteindre vos buts autrement;773 480 749
175;Bourgeois, Hebert et Gros;le plaisir d'avancer à l'état pur;567 100 972
176;Lefort, Rossi et Maillot;le confort d'avancer plus simplement;087 049 353
177;Mendes, Dupuis et Chauveau;le confort d'avancer à la pointe;811 094 837
178;Laroche-Bouchet;la simplicité d'avancer à l'état pur;695 033 959
179;Samson et Fils;le confort d'atteindre vos buts de manière sûre;161 713 504
180;Lefort-Gauthier;le droit de changer à sa source;823 282 820
181;Mathieu-Baron;l'art d'atteindre vos buts à l'état pur;651 638 372
182;Sanchez S.A.S.;la liberté d'évoluer de manière efficace;902 057 478
183;Dumont, Faivre et Pineau;la liberté de changer de manière efficace;496 646 321
184;Boulanger LLC;la sécurité de changer plus rapidement;893 229 207
185;Brunel, Vallet et Letellier;la simplicité d'évoluer plus facilement;935 816 221
186;Fouquet SA;la simplicité de rouler naturellement;787 451 832
187;Maillard, Gregoire et Godard;l'avantage d'atteindre vos buts naturellement;418 112 050
188;Lejeune Group;le plaisir d'innover en toute sécurité;225 130 638
189;Bailly, Perrot et Ramos;le confort de rouler avant-tout;604 012 275
190;Blin, Albert et Chauvet;l'assurance d'évoluer en toute sécurité;074 294 370
191;Martineau Inc;la sécurité d'atteindre vos buts plus simplement;999 010 556
192;Clerc-Allard;le pouvoir de concrétiser vos projets en toute sécurité;911 501 857
193;Benoit, Arnaud et Julien;la liberté d'évoluer de manière sûre;269 368 719
194;Chauvet et Fils;la sécurité de louer en toute tranquilité;463 095 043
195;Ledoux, Georges et Joly;le plaisir d'atteindre vos buts avant-tout;256 300 058
196;Traore et Fils;la liberté de rouler naturellement;105 697 566
197;Lebreton et Fils;l'avantage d'évoluer avant-tout;623 676 739
198;Guillou-Bonnet;le confort de concrétiser vos projets avant-tout;384 808 413
199;Hoarau-Collet;le pouvoir de louer plus rapidement;649 666 643
200;Da Silva S.A.S.;la sécurité d'évoluer en toute sécurité;508 650 545
201;Begue S.A.R.L.;la liberté de changer à la pointe;773 560 734
202;Paul-Bouchet;le droit d'innover plus simplement;684 671 474
203;Fabre-Blin;le droit de louer plus facilement;003 875 057
204;Techer SARL;l'assurance de concrétiser vos projets en toute tranquilité;407 788 226
205;Ruiz SARL;la sécurité de concrétiser vos projets naturellement;009 489 626
206;Marchal, Antoine et Pons;le pouvoir d'atteindre vos buts plus simplement;475 626 859
207;Chartier Group;la simplicité de concrétiser vos projets plus facilement;282 737 066
208;Bourgeois SA;la simplicité de changer naturellement;780 003 436
209;Hernandez et Fils;l'avantage d'atteindre vos buts sans soucis;838 967 546
210;Jacquot-Dos Santos;l'avantage d'évoluer en toute sécurité;182 583 216
211;Coulon et Fils;la simplicité d'évoluer avant-tout;877 607 310
212;Denis S.A.R.L.;l'avantage de changer sans soucis;918 004 513
213;Caron Inc;l'avantage d'évoluer plus facilement;774 109 891
214;Dupuis-Dias;la sécurité de rouler à sa source;842 420 635
215;Gregoire S.A.R.L.;l'assurance de rouler sans soucis;845 099 977
216;Clement, Gonzalez et Cousin;l'avantage d'avancer en toute sécurité;423 467 312
217;Baron SARL;l'avantage de rouler autrement;175 028 683
218;Maillet, Julien et Dupuy;la possibilité de concrétiser vos projets à l'état pur;420 185 345
219;Petitjean, Renaud et Mallet;le confort d'évoluer plus simplement;658 715 234
220;Leconte Inc;la possibilité d'innover autrement;057 052 346
221;Lecomte et Fils;l'avantage d'avancer sans soucis;455 251 700
222;Picard, Besnard et Guilbert;l'assurance de changer à la pointe;576 277 982
223;Bouvet, Simon et Godard;la simplicité d'innover naturellement;182 782 748
224;Cohen-Mary;l'art d'avancer à la pointe;211 521 566
225;Blin, Brun et Delmas;la simplicité d'atteindre vos buts à sa source;978 215 772
226;Perret-Schneider;la sécurité d'innover à la pointe;368 862 457
227;Leconte, Payet et Boyer;l'art de changer en toute sécurité;593 436 784
228;Marie, Laine et Bruneau;la sécurité d'évoluer à la pointe;919 737 185
229;Lebrun-Boyer;le droit d'avancer avant-tout;151 826 340
230;Cordier SARL;la sécurité de rouler plus simplement;357 022 440
231;Bouvier Inc;l'art de changer à l'état pur;253 957 591
232;Leroux-Dumas;le droit d'avancer à l'état pur;115 625 660
233;Schneider SA;l'assurance d'atteindre vos buts à l'état pur;946 724 726
234;Bousquet, Munoz et Hoareau;la simplicité de concrétiser vos projets en toute tranquilité;150 534 011
235;Guilbert SARL;le confort d'atteindre vos buts avant-tout;425 668 361
236;Bonnin, Mendes et Gay;l'assurance d'avancer en toute sécurité;537 167 560
237;Maillard-Maillot;le plaisir de concrétiser vos projets plus facilement;178 508 307
238;Denis, Vallet et Dumas;le plaisir de changer autrement;283 785 016
239;Boyer, Guillaume et Vallet;l'art de concrétiser vos projets plus simplement;557 651 529
240;Chevallier, Foucher et Boulanger;le confort de louer à l'état pur;553 082 524
241;Colas SA;l'assurance de concrétiser vos projets en toute sécurité;060 110 649
242;Goncalves S.A.R.L.;le pouvoir de louer plus simplement;976 879 467
243;Leclerc et Fils;le confort d'évoluer naturellement;889 396 367
244;Gaillard Inc;le droit d'avancer en toute sécurité;115 330 643
245;Laroche-Samson;la liberté de changer naturellement;475 078 211
246;Rey, Bonneau et Lemaitre;le plaisir de rouler avant-tout;873 949 752
247;Leroux, Munoz et Descamps;le plaisir d'atteindre vos buts à la pointe;209 257 540
248;Diallo SARL;la sécurité d'innover à l'état pur;117 827 016
249;Payet-Texier;l'assurance d'atteindre vos buts à sa source;929 612 228
250;Boucher Inc;l'art d'avancer de manière sûre;448 093 820
251;Torres Group;l'assurance d'avancer à l'état pur;590 592 245
252;Martins, Pruvost et Robin;la possibilité de concrétiser vos projets sans soucis;194 097 388
253;Millet, Jacquet et Fleury;le droit de louer plus simplement;755 333 214
254;Lamy, Normand et Bernier;le droit de louer autrement;548 949 787
255;Leclerc-Guillot;le droit d'évoluer de manière efficace;710 451 803
256;Paris-Blondel;la simplicité d'innover à sa source;681 706 402
257;Chartier, Maillard et Marchal;le plaisir d'atteindre vos buts sans soucis;355 655 143
258;Picard-Dijoux;l'assurance d'avancer à sa source;591 707 975
259;Moreno-Delannoy;la possibilité d'innover plus simplement;242 206 994
260;Jean-Pelletier;le confort d'avancer avant-tout;799 924 155
261;Collin, Potier et Clement;le pouvoir d'évoluer sans soucis;030 673 451
262;Pruvost, Didier et Tanguy;l'assurance de concrétiser vos projets à l'état pur;029 577 728
263;Guibert Group;la possibilité d'innover avant-tout;042 603 149
264;Ruiz Group;le confort d'avancer avant-tout;078 270 910
265;Barre-Colin;la possibilité d'évoluer à l'état pur;007 873 695
266;Charrier Group;la possibilité de louer sans soucis;929 947 667
267;Joly et Fils;la possibilité d'avancer en toute tranquilité;763 405 612
268;Jacquet et Fils;le pouvoir d'atteindre vos buts en toute tranquilité;168 103 118
269;Carre, Blot et Lecoq;la sécurité d'atteindre vos buts à sa source;683 211 791
270;Remy et Fils;la simplicité de louer de manière efficace;995 824 121
271;Aubry, Barbier et Gay;la sécurité d'avancer autrement;074 162 217
272;Mahe, Diaz et Lemaitre;l'assurance de louer avant-tout;629 650 087
273;Leroy, Becker et Richard;le plaisir de changer naturellement;879 552 383
274;Pages, Berger et Blanc;le confort de changer à sa source;312 271 790
275;Etienne-Traore;le pouvoir de rouler de manière efficace;359 446 993
276;Martin S.A.R.L.;la liberté d'atteindre vos buts naturellement;535 034 287
277;Besnard SA;le plaisir d'innover sans soucis;820 323 282
278;Mahe et Fils;la simplicité de louer sans soucis;221 850 363
279;Masse, Hoarau et Baudry;la liberté de rouler à l'état pur;306 976 461
280;Peron-Bouvier;le plaisir de rouler de manière sûre;360 402 087
281;Cousin-Da Costa;le confort de louer à sa source;095 328 176
282;Ribeiro S.A.R.L.;la simplicité de changer de manière efficace;967 832 810
283;Rocher, Vincent et Couturier;l'avantage de rouler plus simplement;461 183 442
284;Dumas LLC;le pouvoir de changer à l'état pur;398 394 946
285;Petit, Legrand et Leger;le confort de concrétiser vos projets à l'état pur;900 323 006
286;Gomez-Denis;le droit d'atteindre vos buts sans soucis;875 025 239
287;Humbert-Mathieu;l'avantage de louer autrement;386 547 017
288;Brunet-Regnier;le pouvoir d'avancer de manière efficace;648 024 005
289;Dumont-Prevost;la simplicité d'avancer plus rapidement;083 481 600
290;Vasseur-Didier;le pouvoir d'évoluer à l'état pur;112 436 100
291;Teixeira, Gonzalez et Marie;la possibilité d'innover en toute tranquilité;386 846 540
292;Sauvage SARL;l'art d'atteindre vos buts à sa source;431 650 344
293;Dupre, Prevost et Alexandre;le plaisir de rouler en toute tranquilité;314 776 761
294;Gonzalez LLC;la sécurité de louer plus facilement;417 495 030
295;Nguyen-Guerin;le confort d'avancer plus facilement;707 286 254
296;Gilles, Bouvet et Chevallier;le plaisir de rouler plus simplement;186 935 717
297;Salmon Inc;la liberté d'innover en toute sécurité;296 401 362
298;Deschamps-Le Goff;la possibilité d'avancer à la pointe;072 301 132
299;Leblanc S.A.R.L.;le plaisir d'atteindre vos buts de manière sûre;969 989 282
300;Descamps, Gros et Leduc;l'art d'évoluer à sa source;955 351 792
301;Munoz LLC;la simplicité de changer avant-tout;550 563 626
302;Henry, Gay et Faure;le pouvoir de rouler avant-tout;714 966 879
303;Dumont-Rodriguez;le plaisir d'atteindre vos buts en toute sécurité;985 734 013
304;Bigot-Pierre;l'avantage de louer avant-tout;977 071 932
305;Moreau, Mahe et Diallo;la possibilité de changer de manière sûre;294 107 207
306;Didier-Leger;le droit de louer de manière efficace;590 945 029
307;Le Roux S.A.R.L.;l'avantage de concrétiser vos projets de manière efficace;432 430 562
308;Olivier, Chauveau et Hernandez;la liberté d'atteindre vos buts autrement;456 455 127
309;Valette-Lebrun;la sécurité de louer naturellement;436 319 837
310;Ribeiro, Lebrun et Gallet;la liberté d'évoluer de manière sûre;174 251 397
311;Bourgeois LLC;le droit de changer plus rapidement;323 669 735
312;Fouquet-Chretien;le confort d'innover autrement;016 743 899
313;Chauvin SARL;l'assurance de concrétiser vos projets de manière sûre;167 282 172
314;Legros et Fils;le droit de rouler de manière efficace;227 132 164
315;Hoareau et Fils;la sécurité d'atteindre vos buts autrement;408 220 167
316;Raymond-Chauveau;le confort d'avancer autrement;248 564 556
317;Marin, Roux et Teixeira;l'assurance d'évoluer plus simplement;637 816 314
318;Aubert-Courtois;le confort d'évoluer à l'état pur;236 660 881
319;Dumas LLC;la liberté de concrétiser vos projets à la pointe;218 523 657
320;Pascal, Vallet et Letellier;la possibilité de changer sans soucis;257 740 086
321;Buisson SA;le droit de rouler plus simplement;054 632 298
322;Giraud LLC;la sécurité d'évoluer en toute sécurité;587 195 009
323;Roger-Lebon;la possibilité de concrétiser vos projets de manière efficace;623 001 175
324;Dupont S.A.R.L.;la simplicité d'évoluer en toute tranquilité;360 698 421
325;Techer et Fils;l'avantage de changer plus simplement;184 932 612
326;Laurent-Moreau;l'art d'évoluer autrement;930 238 013
327;Didier-Guillou;l'avantage d'avancer à sa source;243 969 417
328;Delaunay-Olivier;l'assurance de louer à la pointe;147 811 028
329;Garnier, Weber et Leconte;le droit de changer plus simplement;006 952 633
330;Ledoux LLC;le plaisir de louer en toute sécurité;478 334 950
331;Chauvet LLC;le droit d'évoluer plus rapidement;560 126 863
332;Dijoux-Riou;l'assurance de rouler plus facilement;298 185 644
333;Rousset, Girard et Gautier;le droit d'avancer à la pointe;998 907 979
334;Bernier-Gilles;la possibilité de concrétiser vos projets à l'état pur;366 836 518
335;Colin-Diaz;le pouvoir d'innover plus rapidement;055 291 744
336;Jacob, Colas et Delannoy;la simplicité d'atteindre vos buts avant-tout;416 818 943
337;Blanchet, Grondin et Gonzalez;le droit de changer à l'état pur;866 425 809
338;Traore-Samson;la sécurité de rouler autrement;205 993 246
339;Camus S.A.S.;le droit d'évoluer en toute sécurité;161 520 313
340;Hamel et Fils;la simplicité d'atteindre vos buts en toute tranquilité;874 778 185
341;Raynaud, Muller et Lacroix;l'assurance d'innover plus rapidement;763 851 455
342;Aubert-Samson;le droit de concrétiser vos projets plus rapidement;322 040 358
343;Baron Inc;le droit de changer plus simplement;165 594 387
344;Gaudin LLC;le pouvoir d'atteindre vos buts plus facilement;364 266 513
345;Jacquot-Bonnin;l'assurance de rouler de manière sûre;228 458 281
346;Renard, Levy et Turpin;le pouvoir de louer plus rapidement;679 516 435
347;Ollivier-Huet;le pouvoir d'atteindre vos buts à l'état pur;716 292 396
348;Hubert-Thomas;le droit de concrétiser vos projets à la pointe;585 482 865
349;Valette, Mary et Auger;la simplicité de louer avant-tout;803 318 442
350;Blot Group;le droit d'atteindre vos buts de manière efficace;277 786 826
351;Perrin S.A.S.;la possibilité de louer plus rapidement;235 020 831
352;Roger SARL;la possibilité d'évoluer de manière efficace;560 154 110
353;Da Silva S.A.R.L.;l'avantage de rouler à sa source;271 404 191
354;Lombard, Lopez et Gilles;la possibilité d'avancer plus facilement;344 477 089
355;Cohen, Cohen et Petitjean;l'avantage de rouler à sa source;158 169 522
356;Henry Inc;le pouvoir de louer à sa source;373 824 914
357;Chauveau, Marion et Brunel;l'avantage de changer de manière efficace;717 561 162
358;Meunier S.A.;le droit d'innover autrement;918 157 762
359;Vasseur, Louis et Foucher;le pouvoir de changer avant-tout;676 261 031
360;Tessier-Henry;la liberté de changer sans soucis;543 297 528
361;Bonnet LLC;l'art de changer de manière sûre;422 661 440
362;Bourgeois, Cousin et Blot;le droit de rouler autrement;989 407 840
363;Fabre, Huet et Charpentier;le confort d'évoluer de manière efficace;303 353 342
364;Baron SA;le plaisir d'évoluer en toute sécurité;540 405 665
365;Lamy-Menard;le confort de rouler de manière efficace;835 473 977
366;Lopez Inc;le plaisir de changer autrement;502 772 359
367;Humbert, Dupont et Goncalves;la possibilité d'innover de manière efficace;838 590 569
368;Gregoire et Fils;la liberté d'évoluer avant-tout;798 067 464
369;Dias S.A.S.;la possibilité d'avancer à la pointe;677 652 620
370;Buisson, Riviere et Baron;la possibilité de changer de manière sûre;840 328 009
371;Adam, Jean et Voisin;le plaisir de louer sans soucis;530 158 181
372;Camus Group;l'avantage d'innover à la pointe;538 062 530
373;Nguyen, Roger et Maillet;le plaisir de rouler avant-tout;977 046 066
374;Verdier-Dumas;le pouvoir de rouler de manière sûre;439 123 796
375;Diaz-Remy;l'art d'atteindre vos buts plus simplement;668 585 111
376;Rodrigues Group;la simplicité de rouler plus facilement;628 606 171
377;Moulin-Dumas;l'art de rouler plus facilement;531 300 860
378;Rodriguez Inc;le pouvoir de changer sans soucis;922 825 942
379;Lebrun SARL;la liberté d'innover autrement;446 333 548
380;Turpin, Legros et Pages;l'avantage d'avancer de manière sûre;355 926 834
381;Vallet, Bernard et Lopes;le plaisir de concrétiser vos projets à la pointe;662 743 619
382;Germain S.A.S.;le pouvoir de louer sans soucis;287 286 336
383;Adam-Hubert;la sécurité de rouler en toute sécurité;540 962 514
384;Pons-Andre;le droit d'innover en toute tranquilité;802 882 175
385;Royer, Blanchet et Roussel;la possibilité d'évoluer sans soucis;677 863 270
386;Voisin-Vaillant;le droit de concrétiser vos projets plus rapidement;654 379 410
387;Renaud, Hamon et Peltier;la possibilité de rouler sans soucis;982 401 604
388;Georges-Chevalier;le pouvoir de rouler en toute sécurité;210 714 052
389;Fontaine-Nguyen;le pouvoir d'avancer sans soucis;126 916 364
390;Picard S.A.S.;l'avantage de changer de manière sûre;838 058 841
391;Colin, Launay et Guyon;le pouvoir d'évoluer en toute tranquilité;218 492 657
392;Vallet-Robert;le plaisir d'évoluer plus simplement;606 418 483
393;Teixeira-Joubert;la simplicité d'avancer naturellement;454 238 158
394;Chauveau S.A.R.L.;la possibilité de rouler plus rapidement;661 387 420
395;Legrand, Bigot et Le Goff;le confort de changer plus rapidement;582 524 505
396;Thierry, Thomas et Bruneau;la simplicité de changer de manière efficace;533 760 219
397;Lenoir Inc;la simplicité de concrétiser vos projets sans soucis;466 256 648
398;Bousquet LLC;le plaisir de changer plus facilement;300 679 657
399;Herve-Collin;le confort de rouler sans soucis;496 266 182
400;De Oliveira, Bertrand et Nguyen;le droit d'avancer plus facilement;685 850 425
401;Le Gall, Le Gall et Pottier;le droit de concrétiser vos projets en toute tranquilité;319 334 868
402;Bigot-Barthelemy;la sécurité d'avancer sans soucis;866 695 136
403;Blanchard, Leclercq et Nguyen;l'art d'évoluer de manière sûre;636 099 068
404;Mary-Mallet;l'assurance d'avancer à sa source;998 760 823
405;Clement S.A.;l'art de louer de manière efficace;646 874 177
406;Hoarau, Simon et Jacques;l'avantage de changer autrement;037 603 203
407;Simon-Marechal;l'avantage de louer autrement;467 993 333
408;Ribeiro-Gaillard;le droit d'innover à l'état pur;093 766 613
409;Perrot S.A.S.;l'assurance de rouler de manière efficace;116 411 715
410;Nicolas S.A.R.L.;le confort de rouler avant-tout;420 528 243
411;Caron, Grenier et Cohen;le pouvoir de changer de manière efficace;790 642 050
412;Nicolas SARL;la simplicité d'atteindre vos buts de manière sûre;198 600 993
413;Cordier-Lombard;le pouvoir de concrétiser vos projets en toute tranquilité;362 487 182
414;Laroche, Levy et Carre;le plaisir de changer plus facilement;087 705 745
415;Jean S.A.R.L.;le confort de changer à la pointe;254 856 048
416;Herve, Boucher et Marchand;la sécurité d'atteindre vos buts à sa source;794 045 117
417;Hoarau-Joubert;le pouvoir de concrétiser vos projets sans soucis;757 536 358
418;Lemoine S.A.S.;l'avantage de changer avant-tout;446 043 277
419;Faure, Meunier et Seguin;la simplicité de changer à l'état pur;240 458 974
420;Gomez, Baron et Giraud;la sécurité d'innover autrement;219 151 502
421;Fournier S.A.S.;la simplicité de rouler avant-tout;873 248 122
422;Blin-Descamps;le droit de concrétiser vos projets sans soucis;444 179 897
423;Loiseau LLC;l'assurance d'innover en toute sécurité;633 479 661
424;Laine, Pascal et Moreno;la liberté de changer avant-tout;487 281 262
425;Blanc-Chartier;la liberté d'évoluer en toute sécurité;118 617 264
426;Marchand, Bonneau et Martins;le pouvoir d'innover à la pointe;244 902 235
427;Mary S.A.;l'avantage de changer naturellement;507 435 985
428;Andre-Bertrand;le pouvoir d'atteindre vos buts naturellement;753 272 586
429;Lecoq, Durand et Brun;l'avantage d'avancer avant-tout;031 303 551
430;Pelletier, Gauthier et Millet;le plaisir d'avancer plus rapidement;035 378 068
431;Bonneau Group;le droit d'avancer en toute sécurité;361 100 823
432;Courtois S.A.R.L.;le droit d'évoluer plus simplement;775 878 241
433;Adam, Robert et Guillou;l'avantage de changer plus rapidement;895 308 770
434;Royer, Arnaud et Lemonnier;le confort d'avancer plus rapidement;754 321 488
435;Lemoine Inc;le droit d'innover sans soucis;328 211 621
436;Berthelot-Pineau;le confort d'atteindre vos buts de manière efficace;162 674 192
437;Lamy Inc;le droit de changer autrement;638 652 396
438;Gay Inc;le droit de louer plus rapidement;457 205 475
439;Maillard-Moreno;l'avantage d'atteindre vos buts de manière efficace;760 351 508
440;Guyon-Dos Santos;la simplicité d'innover en toute sécurité;682 520 541
441;Levy-Texier;le droit de rouler avant-tout;640 766 532
442;Allard-Leroy;le pouvoir d'atteindre vos buts à la pointe;365 664 912
443;Turpin et Fils;l'assurance de rouler en toute tranquilité;098 610 325
444;Dupont LLC;l'assurance de louer plus facilement;685 305 070
445;Paris Inc;la simplicité de rouler avant-tout;760 981 755
446;Klein, Guillot et Cohen;l'avantage de louer autrement;630 645 891
447;Collet et Fils;la sécurité d'avancer à sa source;022 494 458
448;Lucas-Bernier;le confort d'innover à la pointe;572 327 781
449;Valette SA;le pouvoir d'avancer à l'état pur;420 168 855
450;Mendes, Gillet et Lesage;l'assurance d'avancer plus rapidement;342 703 430
451;Lombard et Fils;le confort de changer plus rapidement;533 933 982
452;Bazin-Da Silva;la simplicité d'avancer autrement;611 629 229
453;Blanchard-Cordier;le plaisir de concrétiser vos projets à la pointe;513 802 801
454;Hardy-Lucas;le droit de concrétiser vos projets plus facilement;279 118 217
455;Loiseau, Launay et Delattre;la simplicité d'innover plus facilement;941 780 418
456;Daniel, Barre et Barre;l'avantage d'évoluer plus facilement;188 276 532
457;Riou et Fils;le droit d'évoluer en toute sécurité;430 086 560
458;Dumont, Dupuy et Benoit;l'avantage de rouler à la pointe;270 889 994
459;Leroux-Lebrun;l'avantage de louer en toute sécurité;058 721 963
460;Etienne, Delannoy et Ferreira;le plaisir d'évoluer à sa source;011 522 379
461;Jourdan SA;le pouvoir d'innover autrement;557 689 599
462;Bousquet-Pruvost;le pouvoir d'avancer plus facilement;291 258 606
463;Millet LLC;la possibilité de changer autrement;207 957 432
464;Jacquot S.A.;le plaisir d'avancer autrement;059 286 487
465;Boulay, Durand et Langlois;le confort d'évoluer de manière sûre;208 688 138
466;Chevallier, Leblanc et Didier;la sécurité d'innover plus simplement;648 318 384
467;Laine Group;la simplicité d'évoluer à sa source;084 998 475
468;Gomez-Rolland;la simplicité de louer à l'état pur;529 208 859
469;Tanguy Group;l'assurance de louer à sa source;609 584 251
470;Moreau, Legrand et Merle;l'avantage d'avancer en toute tranquilité;974 717 219
471;De Sousa Inc;l'avantage d'avancer en toute sécurité;657 747 694
472;Ledoux, Bousquet et Maury;la simplicité de changer à sa source;722 289 500
473;Guibert-Lacombe;la liberté de rouler avant-tout;253 173 984
474;Verdier SA;l'art d'innover en toute tranquilité;543 784 487
475;Guillot-Picard;le plaisir de concrétiser vos projets en toute tranquilité;132 932 614
476;Schneider SARL;la sécurité d'avancer en toute tranquilité;955 185 402
477;Blot S.A.S.;la sécurité d'atteindre vos buts sans soucis;146 025 093
478;Lemoine, Munoz et Etienne;la simplicité de changer de manière efficace;736 591 344
479;Bigot Group;la liberté d'atteindre vos buts en toute tranquilité;754 497 827
480;Noel-Foucher;l'assurance d'évoluer en toute tranquilité;098 673 378
481;Pires-Poulain;l'avantage d'avancer plus rapidement;133 478 184
482;Langlois-Delorme;la possibilité d'évoluer plus simplement;337 821 551
483;Martins, Prevost et Barre;l'avantage d'innover de manière efficace;315 055 542
484;Sanchez Group;l'art de louer plus simplement;617 702 669
485;Georges-Lecomte;l'art de changer avant-tout;595 338 330
486;Voisin Inc;la possibilité d'atteindre vos buts plus rapidement;337 479 995
487;Vincent, Ledoux et Lefort;l'art d'évoluer en toute tranquilité;312 477 064
488;Monnier, Dos Santos et Clerc;le confort d'atteindre vos buts à sa source;278 883 675
489;Aubry, Guillet et Lejeune;le confort d'atteindre vos buts à l'état pur;528 543 956
490;Olivier S.A.R.L.;le pouvoir de rouler en toute sécurité;990 737 020
491;Ferrand-Salmon;la liberté d'évoluer plus facilement;579 968 457
492;Le Goff, Barbe et Leduc;la simplicité d'atteindre vos buts à l'état pur;348 139 674
493;Lefevre, Picard et Dufour;la possibilité d'avancer sans soucis;293 146 449
494;Picard-Godard;l'art d'innover sans soucis;690 714 758
495;Benoit-Ramos;la sécurité de changer de manière efficace;699 687 599
496;Ferreira, Leclercq et Lemaitre;le pouvoir d'atteindre vos buts en toute sécurité;731 516 423
497;Maillard S.A.;l'art de louer à la pointe;363 680 182
498;Colin SARL;l'art de concrétiser vos projets de manière efficace;670 740 141
499;Laurent-Fischer;la liberté de louer à sa source;551 404 634
500;Rodriguez-Dijoux;la simplicité de changer à la pointe;167 270 589
501;Legros, Ollivier et Dijoux;la sécurité d'avancer avant-tout;085 939 486
502;Jacques-Masse;l'art d'évoluer plus rapidement;068 957 677
503;Jacquet SARL;la simplicité de rouler à sa source;573 162 816
504;Duhamel-Bodin;le pouvoir d'atteindre vos buts avant-tout;038 242 542
505;Gosselin, Marin et Tanguy;l'assurance d'avancer en toute tranquilité;623 520 173
506;David-Lemaire;la possibilité d'atteindre vos buts à l'état pur;213 245 070
507;Renault, Vasseur et Leveque;la simplicité d'avancer à l'état pur;136 939 176
508;Gaudin LLC;le confort d'innover avant-tout;328 691 529
509;Marion SARL;l'avantage de concrétiser vos projets plus simplement;334 880 201
510;Lefort S.A.S.;la possibilité d'avancer plus facilement;283 922 872
511;Noel, Guyot et Allain;le pouvoir d'atteindre vos buts de manière sûre;311 530 609
512;Gaillard SA;l'avantage d'atteindre vos buts de manière sûre;005 285 591
513;Munoz-Briand;la sécurité de louer autrement;528 748 931
514;Maurice-Gillet;le plaisir d'avancer à sa source;881 916 547
515;Bertin S.A.S.;la possibilité d'innover à sa source;431 928 581
516;Adam-Pires;la liberté de changer naturellement;278 149 944
517;Lamy, Baudry et Wagner;l'avantage de changer de manière efficace;684 579 896
518;Bernard SA;l'avantage d'avancer avant-tout;063 992 161
519;Roche SARL;la possibilité d'avancer à la pointe;185 204 836
520;Pereira-Daniel;l'assurance de concrétiser vos projets plus facilement;450 222 967
521;Lacroix, Humbert et Duhamel;l'art de concrétiser vos projets avant-tout;377 505 324
522;Daniel, Vallee et Cordier;le plaisir de rouler à l'état pur;464 465 738
523;Mahe, Descamps et Bousquet;le plaisir d'avancer plus rapidement;230 643 313
524;Adam-Gerard;la simplicité de changer à l'état pur;957 311 836
525;Maillot SARL;l'art de concrétiser vos projets à l'état pur;053 890 948
526;Daniel, Martineau et Delaunay;le confort de changer avant-tout;200 759 504
527;Courtois, Hoarau et Buisson;l'avantage de louer plus simplement;135 245 787
528;Colas-Maillot;la possibilité d'atteindre vos buts plus simplement;933 049 259
529;Raynaud, Loiseau et Marchal;l'avantage de rouler en toute tranquilité;045 217 384
530;Barbe LLC;le droit de rouler plus facilement;705 580 020
531;Maillard S.A.;le pouvoir d'innover de manière efficace;381 205 583
532;Renard SA;le plaisir de concrétiser vos projets plus rapidement;287 883 185
533;Gilbert, Prevost et Le Goff;l'avantage de louer naturellement;254 261 019
534;Pages, Vaillant et Camus;la liberté d'innover de manière efficace;243 295 892
535;Fernandes, Gaillard et Delaunay;le plaisir de rouler en toute sécurité;389 764 031
536;Legrand, Meyer et Marion;la simplicité de changer plus facilement;174 690 972
537;Vidal-Boulay;la simplicité de concrétiser vos projets à l'état pur;638 109 124
538;Mathieu SA;la liberté d'atteindre vos buts plus simplement;492 808 231
539;Perret, Carre et Garnier;l'avantage de rouler avant-tout;789 560 208
540;Thierry SA;le confort de louer à l'état pur;126 989 047
541;Schmitt, Maury et Jean;la liberté de louer plus simplement;492 011 564
542;Peron, Blanchard et Leclerc;la possibilité de louer à sa source;217 831 313
543;Olivier, Payet et Gaillard;l'art de rouler à l'état pur;234 034 472
544;Vincent, Fabre et Payet;le pouvoir d'avancer naturellement;874 574 116
545;Hardy-Pages;le droit de concrétiser vos projets naturellement;646 635 059
546;Clerc Inc;la simplicité d'évoluer plus simplement;541 672 588
547;Besson, Seguin et Collin;l'art d'évoluer en toute tranquilité;773 373 918
548;Raynaud-Humbert;le confort d'innover de manière sûre;446 387 785
549;Antoine-Normand;la sécurité de concrétiser vos projets autrement;345 633 081
550;Samson, Normand et Dumas;la simplicité de concrétiser vos projets à sa source;877 038 243
551;Cousin-Techer;l'assurance de louer plus facilement;413 936 589
552;Renaud S.A.;le droit de rouler naturellement;882 211 206
553;Lelievre S.A.R.L.;le droit de rouler en toute sécurité;047 888 753
554;Martel Group;l'art d'innover plus rapidement;093 271 326
555;Raynaud, Traore et Leclerc;l'avantage d'innover plus simplement;487 481 228
556;Becker-Godard;le droit d'innover à la pointe;803 884 974
557;Martineau-Bourgeois;la possibilité de changer plus simplement;184 986 192
558;Legros-Robert;l'avantage de louer avant-tout;157 992 745
559;Pereira, Morin et Guyot;le droit de changer de manière sûre;705 784 826
560;Martin, Barthelemy et Paul;le confort d'évoluer plus simplement;883 105 255
561;Guillaume S.A.R.L.;l'avantage de rouler à sa source;889 948 169
562;Laroche S.A.;la simplicité de concrétiser vos projets à sa source;780 044 198
563;Hamon Group;la liberté d'évoluer de manière sûre;062 068 845
564;Garnier S.A.S.;le pouvoir d'avancer à la pointe;510 624 211
565;Dumont S.A.;l'avantage d'innover plus facilement;310 768 175
566;Blot-Girard;le plaisir de concrétiser vos projets sans soucis;828 507 045
567;Leger SARL;le confort d'innover à sa source;093 549 767
568;Hoarau S.A.S.;la possibilité d'atteindre vos buts avant-tout;375 592 178
569;Hamel, Guillot et Picard;l'art d'évoluer sans soucis;244 933 262
570;Pottier, Andre et Lacroix;l'avantage de concrétiser vos projets à la pointe;882 040 087
571;Dumont SA;la liberté d'évoluer avant-tout;727 987 935
572;Moreno-Fernandez;l'art d'innover autrement;384 185 569
573;Lemonnier, Delmas et Blondel;l'art de rouler de manière sûre;991 642 258
574;Dijoux-Lemaire;la simplicité de changer plus facilement;895 233 055
575;Fontaine S.A.R.L.;la possibilité d'innover plus rapidement;912 541 775
576;Leger, Lecoq et Delmas;le pouvoir d'atteindre vos buts plus rapidement;782 131 687
577;Barbe-Dupuis;la sécurité d'avancer plus facilement;711 433 133
578;Blot-Dumont;le confort d'avancer en toute tranquilité;128 447 193
579;Dupre, Lacombe et Briand;l'art de concrétiser vos projets plus rapidement;631 410 271
580;Carre LLC;l'assurance d'innover à la pointe;370 935 403
581;Royer, Perrier et Gay;le plaisir de concrétiser vos projets en toute tranquilité;411 481 692
582;Guerin Group;la sécurité de concrétiser vos projets sans soucis;982 641 955
583;Berger, Bouchet et Giraud;le plaisir de louer en toute sécurité;163 175 820
584;Dufour-Francois;la possibilité d'innover en toute sécurité;569 739 623
585;Lemonnier, Mace et Navarro;le plaisir d'avancer de manière sûre;113 813 322
586;Auger-Arnaud;l'assurance de changer à l'état pur;830 085 203
587;Maillard-Hamel;le pouvoir de concrétiser vos projets à la pointe;252 456 585
588;Diaz, Nguyen et Laurent;l'avantage d'atteindre vos buts plus rapidement;334 177 628
589;Guillaume, Bodin et Charpentier;le plaisir d'innover plus facilement;123 293 086
590;Lambert-Boyer;le pouvoir de changer sans soucis;250 193 808
591;Carre, Menard et Barbier;la possibilité de rouler de manière sûre;767 133 562
592;Thibault-Dufour;le droit d'évoluer à la pointe;511 756 032
593;Rolland LLC;le pouvoir d'évoluer plus facilement;001 351 759
594;Leclerc-Blondel;le plaisir d'évoluer plus rapidement;132 960 641
595;Pascal-Delannoy;le plaisir d'évoluer de manière efficace;282 551 423
596;Jacob S.A.;l'assurance de rouler à la pointe;244 065 270
597;Lopes-Payet;le droit d'atteindre vos buts de manière efficace;503 964 971
598;Fischer, Robert et Pruvost;la possibilité de changer de manière sûre;836 643 564
599;De Sousa Group;la possibilité de louer autrement;482 395 269
600;Gosselin-Bouvet;la simplicité de rouler naturellement;042 902 898
601;Laine LLC;la possibilité d'atteindre vos buts à l'état pur;795 960 499
602;Ferrand Inc;la simplicité d'évoluer plus facilement;938 099 270
603;Loiseau-Ollivier;l'avantage de concrétiser vos projets avant-tout;956 499 365
604;Bernard SARL;l'avantage d'avancer à la pointe;062 577 003
605;Boulanger-Hoareau;la liberté de changer de manière efficace;581 827 558
606;Bodin-Alves;l'assurance d'atteindre vos buts plus simplement;309 174 206
607;Fabre-Blot;le plaisir d'évoluer à l'état pur;931 229 661
608;Mace-Lambert;le droit d'avancer plus rapidement;488 422 721
609;Caron-Maillot;l'assurance d'évoluer de manière efficace;958 188 507
610;Lombard, Perret et Mercier;le confort de louer à sa source;720 101 141
611;Pages SARL;le pouvoir de rouler à l'état pur;692 904 769
612;Foucher-Ferrand;la possibilité d'avancer plus rapidement;626 744 851
613;Lemoine Inc;la possibilité d'atteindre vos buts naturellement;628 946 336
614;Picard Inc;le pouvoir de louer à la pointe;350 833 685
615;Dubois, Dupuy et Dubois;le plaisir d'innover sans soucis;130 500 201
616;Roy S.A.;l'avantage d'atteindre vos buts de manière sûre;285 045 518
617;Diaz-Perrot;l'avantage de louer avant-tout;132 279 427
618;Lefevre S.A.S.;la liberté d'atteindre vos buts en toute sécurité;208 352 200
619;Leger, Valette et Lefevre;la possibilité de louer de manière sûre;190 569 854
620;Hoarau-Baudry;la liberté de changer autrement;398 645 758
621;Berthelot, Colin et Paris;la sécurité de changer à la pointe;877 473 945
622;Albert S.A.S.;l'avantage d'innover à l'état pur;917 970 981
623;Pelletier S.A.R.L.;l'avantage de changer à sa source;868 000 409
624;Bernard SARL;l'avantage de concrétiser vos projets à la pointe;491 727 021
625;De Sousa-Bodin;la sécurité d'avancer plus rapidement;969 350 602
626;Lucas, Merle et Letellier;l'art d'avancer autrement;047 512 175
627;Charles, Gimenez et Martineau;l'avantage d'avancer de manière efficace;828 547 441
628;Leger-Gallet;le droit d'avancer avant-tout;350 700 147
629;Pasquier, Bernier et Schmitt;le pouvoir d'évoluer en toute sécurité;774 174 494
630;Maillet, Durand et Pages;le droit d'évoluer plus simplement;934 803 016
631;Lacroix, Francois et Reynaud;la liberté d'atteindre vos buts en toute tranquilité;092 429 539
632;Lebrun et Fils;la possibilité d'évoluer à la pointe;536 040 193
633;Legendre et Fils;le pouvoir d'innover plus facilement;136 087 656
634;Julien Inc;la simplicité d'évoluer en toute sécurité;829 439 102
635;Munoz, Vallee et Menard;la sécurité d'avancer en toute tranquilité;036 053 252
636;Thibault-Baudry;l'assurance d'évoluer à sa source;407 824 945
637;Lefebvre S.A.R.L.;la sécurité de louer en toute tranquilité;378 211 087
638;Lombard, Faure et Bertin;la sécurité d'avancer sans soucis;477 327 285
639;Roy-Guerin;le droit de louer plus rapidement;103 736 076
640;Lejeune, Navarro et Tessier;la sécurité de rouler à l'état pur;901 201 933
641;Costa Inc;l'avantage d'innover à la pointe;157 855 424
642;Sauvage Inc;le droit d'avancer en toute tranquilité;041 413 784
643;Bruneau SA;le pouvoir d'innover autrement;284 749 186
644;Teixeira-Dupuis;la sécurité d'avancer avant-tout;184 581 193
645;Gros, Thierry et Remy;la sécurité de rouler plus facilement;095 429 246
646;Humbert, Teixeira et Marie;la sécurité d'atteindre vos buts plus facilement;337 911 185
647;Le Gall, Blanc et Tanguy;la sécurité de louer naturellement;304 288 227
648;Allard LLC;l'art d'innover autrement;833 529 510
649;Imbert, Benard et Perret;la simplicité d'évoluer à la pointe;855 519 097
650;Gros-Olivier;le pouvoir d'innover plus simplement;229 341 925
651;Alexandre, Cousin et Martineau;l'avantage d'avancer sans soucis;036 383 491
652;Morvan, Sanchez et Gomes;la sécurité d'évoluer à l'état pur;557 710 208
653;Arnaud Group;la liberté d'évoluer à l'état pur;243 137 382
654;Traore-Leclerc;la possibilité de concrétiser vos projets autrement;144 956 500
655;Toussaint, Rousset et Pires;le plaisir de concrétiser vos projets en toute tranquilité;562 636 076
656;Petitjean, Gosselin et Masse;la possibilité de changer à l'état pur;643 775 233
657;Alves-Pottier;l'art de louer plus simplement;375 807 729
658;Launay S.A.S.;la liberté d'évoluer de manière efficace;209 325 733
659;Pasquier, Gaillard et Clement;le droit de louer à la pointe;018 827 304
660;Voisin, Leger et Boulay;la simplicité de concrétiser vos projets en toute tranquilité;861 697 746
661;Bourdon-Masson;le pouvoir d'innover à l'état pur;120 796 986
662;Renaud, Begue et Lopez;la liberté de rouler de manière sûre;258 177 665
663;Riou, Weber et Vasseur;le confort d'avancer en toute tranquilité;579 832 751
664;Chevallier-Gaillard;le pouvoir d'innover à l'état pur;235 856 755
665;Salmon-Godard;le confort d'atteindre vos buts plus rapidement;901 822 423
666;Maillard, Dupuis et Bazin;le confort d'atteindre vos buts en toute sécurité;303 558 241
667;Guillon, Francois et Gregoire;la sécurité d'atteindre vos buts naturellement;678 859 860
668;Huet-Joubert;la possibilité de concrétiser vos projets plus rapidement;278 027 467
669;Gosselin, Loiseau et Duhamel;l'art de louer en toute tranquilité;132 725 576
670;Michaud, Arnaud et Vallee;l'art d'avancer à sa source;467 027 343
671;Maillet, Camus et Gomes;l'assurance d'atteindre vos buts autrement;840 928 055
672;Langlois Group;l'art de rouler plus rapidement;707 024 757
673;Laroche S.A.S.;l'avantage de rouler à la pointe;091 470 663
674;Rey S.A.;l'avantage d'innover à la pointe;345 875 227
675;Guyon, Martineau et Hoareau;la possibilité de changer autrement;907 554 407
676;Mathieu, Potier et Gay;la sécurité de rouler autrement;829 847 324
677;Delannoy, Foucher et Leleu;l'art de concrétiser vos projets plus rapidement;845 960 830
678;Guerin S.A.R.L.;la simplicité d'innover en toute tranquilité;701 890 026
679;Lacroix-Bertin;l'avantage de louer avant-tout;146 625 689
680;Voisin S.A.;le plaisir d'évoluer de manière sûre;124 824 962
681;Perrot, Vincent et Noel;le plaisir d'atteindre vos buts en toute sécurité;618 967 644
682;Daniel et Fils;la possibilité de louer avant-tout;713 299 480
683;Reynaud, Martinez et Pruvost;le pouvoir d'avancer sans soucis;780 114 970
684;Ferreira, Guillot et Roche;le plaisir d'avancer en toute sécurité;366 341 475
685;Faivre SARL;le droit de louer sans soucis;815 408 069
686;Hoareau, Texier et Laroche;la possibilité de changer à sa source;825 448 817
687;Fleury et Fils;la simplicité de rouler plus rapidement;402 739 726
688;Valentin SARL;l'art de changer naturellement;412 062 654
689;Gregoire S.A.S.;le pouvoir d'évoluer sans soucis;214 429 700
690;Noel S.A.;l'avantage d'évoluer plus facilement;926 269 333
691;Labbe-Royer;la simplicité de changer de manière sûre;428 554 761
692;Launay, Bousquet et Ledoux;la possibilité d'atteindre vos buts plus facilement;098 923 508
693;Rossi-Foucher;le plaisir de changer en toute tranquilité;330 684 096
694;Garnier-Dumont;le confort de louer en toute tranquilité;482 482 517
695;Rousseau-Ferrand;la simplicité de concrétiser vos projets à l'état pur;095 726 258
696;Brunel S.A.R.L.;la simplicité de louer de manière efficace;876 948 790
697;Courtois-Bernier;la sécurité de louer à sa source;093 461 994
698;Ferrand, Coste et Monnier;le confort d'innover en toute tranquilité;206 921 653
699;Morin, Texier et Vallee;l'assurance d'atteindre vos buts plus rapidement;110 137 719
700;Ferrand, Leger et Blanc;la simplicité d'innover sans soucis;549 549 079
701;Gros Group;la sécurité d'avancer autrement;989 962 989
702;Gosselin-Delannoy;la possibilité de concrétiser vos projets de manière efficace;790 842 082
703;Gilbert Group;la liberté de rouler de manière efficace;559 039 206
704;Lefort LLC;la sécurité d'avancer en toute sécurité;335 583 978
705;Vidal, Sauvage et Picard;la liberté de louer avant-tout;740 978 878
706;Collet-Charles;l'avantage d'atteindre vos buts en toute sécurité;982 195 377
707;Bonneau, Roger et Mallet;le plaisir de changer autrement;449 947 778
708;Vasseur-Fischer;la possibilité de louer sans soucis;235 376 926
709;Coulon S.A.;la sécurité d'atteindre vos buts en toute sécurité;999 002 283
710;Simon Inc;la possibilité d'innover plus facilement;751 272 327
711;Launay-Briand;la possibilité de changer à sa source;352 394 989
712;Ollivier-Alves;la possibilité de louer en toute tranquilité;813 856 653
713;Guyon S.A.R.L.;l'art d'évoluer sans soucis;828 942 456
714;Gomez SARL;la possibilité d'innover avant-tout;762 885 077
715;Hernandez, Pasquier et Tanguy;le droit d'atteindre vos buts plus facilement;542 138 884
716;Parent-Le Roux;la sécurité d'atteindre vos buts avant-tout;380 279 455
717;Levy, Chretien et Guillet;l'avantage de louer à l'état pur;447 328 389
718;Gomes S.A.S.;la sécurité d'innover en toute tranquilité;596 711 086
719;Boulay et Fils;le plaisir d'atteindre vos buts à sa source;668 237 310
720;Richard LLC;la simplicité de changer sans soucis;974 312 169
721;Lagarde SARL;l'avantage d'innover à sa source;718 985 496
722;Brun, Coulon et Maillot;la sécurité de rouler à sa source;042 419 460
723;De Sousa-Lombard;l'avantage d'avancer naturellement;794 848 048
724;Leblanc-Picard;la simplicité de louer à l'état pur;653 668 527
725;Le Roux S.A.;l'assurance d'innover en toute tranquilité;433 967 492
726;Breton, Lagarde et Leroy;le droit de changer de manière sûre;583 484 772
727;Pierre-Briand;la simplicité de louer avant-tout;143 615 093
728;Diallo-Guerin;le droit de concrétiser vos projets plus facilement;534 180 198
729;Pelletier-Bruneau;l'assurance de rouler plus simplement;651 762 113
730;Morvan, Texier et Pons;le plaisir de concrétiser vos projets sans soucis;620 115 176
731;Mendes-Michel;l'art de rouler en toute sécurité;196 261 390
732;Albert Group;la simplicité de concrétiser vos projets en toute sécurité;728 970 747
733;Brunel-Delattre;l'avantage d'atteindre vos buts plus facilement;936 832 706
734;Dupuis Inc;l'art d'innover à sa source;899 765 876
735;Martineau et Fils;la possibilité de rouler avant-tout;307 975 353
736;Martin et Fils;le confort de changer plus facilement;434 242 499
737;Dumas-Foucher;le plaisir de concrétiser vos projets de manière sûre;988 371 527
738;Marin, Perez et Schmitt;le confort de louer plus simplement;751 020 114
739;Teixeira Group;l'assurance de louer à l'état pur;895 449 625
740;Renard, Lemaitre et Chevalier;la liberté d'évoluer sans soucis;249 408 025
741;Robert-Meunier;le plaisir d'innover en toute tranquilité;529 419 608
742;Normand S.A.S.;le pouvoir d'avancer naturellement;111 312 447
743;Gauthier-Delannoy;la liberté de louer en toute sécurité;258 306 648
744;Aubert Inc;le pouvoir d'innover plus facilement;173 573 031
745;Besson SARL;le pouvoir de rouler à l'état pur;185 585 734
746;Hamel et Fils;le plaisir d'avancer avant-tout;558 822 795
747;Samson Inc;l'assurance de rouler en toute tranquilité;143 508 861
748;Lacroix S.A.S.;l'avantage de concrétiser vos projets plus simplement;258 830 087
749;Delahaye-Duval;la simplicité de rouler plus simplement;506 367 885
750;Thibault S.A.R.L.;la liberté d'atteindre vos buts en toute tranquilité;877 659 484
751;Gilles, Benard et Bertin;la possibilité d'évoluer à sa source;610 978 174
752;Bertrand SARL;le plaisir d'atteindre vos buts autrement;795 163 121
753;David-Hoarau;le plaisir de changer plus simplement;471 037 455
754;Alexandre, Blanchet et Duval;le plaisir d'évoluer à l'état pur;459 828 019
755;Marie-Bruneau;la possibilité d'évoluer de manière efficace;446 003 186
756;Tessier-Michaud;le droit d'innover autrement;481 325 355
757;Renard S.A.S.;le pouvoir de louer plus rapidement;545 091 082
758;Rodrigues S.A.S.;l'art d'atteindre vos buts à la pointe;630 280 634
759;Moreno, Delaunay et Buisson;l'avantage d'atteindre vos buts en toute sécurité;605 616 900
760;Noel Inc;la simplicité de changer en toute sécurité;567 242 728
761;Fontaine-Da Costa;l'art d'avancer à la pointe;111 255 380
762;Leclercq, Laroche et Maillard;l'avantage de changer plus rapidement;009 845 747
763;Dupuis SARL;le plaisir de changer plus simplement;829 300 845
764;Lemonnier SA;la simplicité de concrétiser vos projets naturellement;886 876 353
765;Etienne Inc;le pouvoir de concrétiser vos projets en toute sécurité;960 694 042
766;Remy Inc;la sécurité d'atteindre vos buts à la pointe;579 313 412
767;Ribeiro SA;le confort de rouler sans soucis;361 212 116
768;Jacquet S.A.R.L.;le droit de rouler à sa source;696 727 913
769;Chartier, Monnier et Legros;le confort d'évoluer avant-tout;995 901 831
770;Pereira Inc;le confort de concrétiser vos projets de manière sûre;098 178 764
771;Buisson Group;le droit d'innover à sa source;890 186 718
772;Guyon LLC;l'avantage d'avancer à la pointe;178 853 311
773;Weiss LLC;le plaisir d'évoluer à sa source;101 670 919
774;Verdier-Hubert;l'avantage d'évoluer plus rapidement;766 658 219
775;Prevost-Letellier;la simplicité de rouler en toute sécurité;589 770 507
776;Guibert Inc;le pouvoir d'évoluer sans soucis;067 296 757
777;Briand-Millet;le confort de concrétiser vos projets sans soucis;967 629 193
778;Clerc SA;le plaisir d'avancer à la pointe;646 061 834
779;Dias Group;la simplicité d'innover plus rapidement;154 060 892
780;Caron, Delaunay et Cousin;l'avantage de louer plus simplement;861 180 317
781;Delorme-Alexandre;le pouvoir de louer de manière sûre;788 974 933
782;Sanchez-Remy;l'art de louer de manière sûre;935 330 435
783;Picard et Fils;le pouvoir d'évoluer en toute sécurité;161 639 022
784;Thomas-Marty;la sécurité de changer autrement;887 184 736
785;Albert S.A.S.;la sécurité de changer à la pointe;328 221 202
786;Gosselin-Thibault;l'art d'avancer plus facilement;333 659 132
787;Lefort, Ollivier et Charrier;le confort d'évoluer plus simplement;068 169 412
788;Lemaire-Perez;la liberté de changer sans soucis;814 893 330
789;Lambert SA;le droit de rouler avant-tout;406 347 199
790;Marin Inc;l'avantage d'innover à la pointe;684 536 690
791;Lefort-Besnard;l'art de louer en toute sécurité;864 730 533
792;Bouvet S.A.S.;la possibilité d'atteindre vos buts de manière efficace;194 895 141
793;Bonnin-Gallet;l'art de changer plus simplement;675 588 760
794;Adam, Lejeune et Moreau;la simplicité de louer sans soucis;222 727 456
795;Devaux LLC;la possibilité de changer à sa source;399 336 370
796;Pons, Carpentier et Chartier;le plaisir de rouler à la pointe;234 438 751
797;Faure-Lefevre;le droit d'avancer de manière sûre;501 119 210
798;De Oliveira, Picard et Vasseur;le plaisir de louer plus facilement;899 833 403
799;Perrier S.A.R.L.;la simplicité de louer de manière sûre;704 521 347
800;Philippe, Girard et Dias;la possibilité de rouler à l'état pur;350 905 631
801;Blanchet S.A.;la simplicité d'avancer en toute sécurité;132 622 513
802;Le Goff-Launay;la liberté de rouler à sa source;763 568 376
803;Lefevre S.A.R.L.;la sécurité de concrétiser vos projets de manière sûre;219 286 025
804;Robin S.A.R.L.;l'avantage d'atteindre vos buts à la pointe;777 950 154
805;Bourgeois-Gosselin;le plaisir de concrétiser vos projets plus rapidement;505 677 479
806;Bousquet SARL;la simplicité de concrétiser vos projets autrement;186 719 789
807;Lagarde Group;la possibilité d'évoluer à l'état pur;139 688 584
808;Vasseur, Bertin et Delattre;le droit d'atteindre vos buts à sa source;262 472 443
809;Paris-Lefort;la liberté d'atteindre vos buts naturellement;136 935 350
810;Huet-Petitjean;la liberté de louer à sa source;935 565 593
811;Guerin-Marchal;le plaisir de changer avant-tout;047 889 580
812;Marchand, Huet et Cohen;le plaisir de concrétiser vos projets à la pointe;460 141 310
813;De Oliveira, Allain et Ruiz;le droit d'innover plus simplement;059 508 213
814;Legendre, Becker et Gonzalez;le plaisir d'atteindre vos buts naturellement;815 176 546
815;Blanc S.A.R.L.;l'assurance de concrétiser vos projets à l'état pur;995 830 930
816;Godard Inc;la sécurité d'évoluer à la pointe;893 653 355
817;Riou-Bonnet;le pouvoir d'avancer plus simplement;684 205 351
818;Lemoine-Imbert;le pouvoir de concrétiser vos projets plus rapidement;179 771 992
819;Rocher, Delattre et Huet;l'assurance d'innover de manière sûre;942 279 739
820;Picard-Seguin;l'avantage de louer à la pointe;646 223 141
821;Marques, Baron et Garnier;le confort de rouler naturellement;838 831 132
822;Lemoine, Bazin et Chauveau;la simplicité d'avancer naturellement;008 349 429
823;Teixeira-Mary;la sécurité de louer à sa source;026 780 951
824;Hernandez-Guilbert;le plaisir d'avancer avant-tout;574 293 035
825;Alves-Lebreton;le pouvoir de changer à sa source;745 772 312
826;Poulain et Fils;l'assurance de changer de manière efficace;879 129 522
827;Colas, Roy et Meyer;la sécurité de louer à la pointe;229 882 460
828;Michaud, Parent et Traore;le plaisir de changer en toute tranquilité;680 080 351
829;Raynaud et Fils;l'art d'avancer à l'état pur;536 150 892
830;Colin, Schneider et Robin;la simplicité d'évoluer plus facilement;164 080 115
831;Le Goff S.A.S.;le pouvoir d'innover de manière sûre;690 631 764
832;Chauveau-Martinez;la simplicité de changer en toute sécurité;942 147 217
833;Poirier et Fils;la simplicité d'innover naturellement;805 560 655
834;Hoareau-Gomez;la liberté d'avancer plus facilement;533 819 499
835;Guillaume S.A.;le pouvoir de changer à sa source;275 038 675
836;Germain, Weiss et Legendre;l'art d'avancer en toute tranquilité;498 423 470
837;Leclerc, Collet et Olivier;la possibilité de concrétiser vos projets plus simplement;560 481 200
838;Picard, Dupuis et Allard;la liberté de concrétiser vos projets à la pointe;105 648 210
839;Bruneau, Deschamps et Teixeira;l'avantage d'innover naturellement;710 311 056
840;Perez-Cordier;la sécurité d'atteindre vos buts plus simplement;847 378 966
841;Cohen-Pasquier;la liberté de concrétiser vos projets plus simplement;511 154 457
842;Faure-Parent;la liberté de rouler à la pointe;197 762 892
843;Bernier, Vallee et Carre;le droit de louer plus rapidement;509 765 310
844;Traore Inc;la simplicité de changer en toute tranquilité;335 920 752
845;Boulay-Laine;la sécurité de concrétiser vos projets plus facilement;409 475 982
846;Laroche LLC;la possibilité de rouler naturellement;985 174 468
847;Joly SA;l'art de louer en toute sécurité;276 205 059
848;Tanguy S.A.S.;la simplicité d'avancer autrement;020 451 437
849;Coulon Inc;l'assurance de rouler naturellement;691 089 889
850;Hubert SA;l'avantage de rouler plus simplement;372 271 318
851;Giraud, Millet et Weber;le confort d'évoluer en toute sécurité;140 335 029
852;Benoit-Vincent;le confort de changer naturellement;152 991 093
853;Leduc, Guibert et Thomas;le pouvoir d'avancer plus facilement;608 101 243
854;Devaux-Langlois;l'art de concrétiser vos projets à sa source;077 634 425
855;Rey-Bodin;le confort de concrétiser vos projets en toute sécurité;178 120 435
856;Becker SA;l'assurance d'avancer plus simplement;901 740 615
857;Lefevre, Blanchet et Hoareau;le plaisir de changer à la pointe;978 025 578
858;Gilles, Fernandes et Bourdon;l'assurance d'avancer à la pointe;804 473 028
859;Renault LLC;l'avantage de louer autrement;779 260 983
860;Blondel, Guerin et Faure;l'art de louer de manière efficace;636 158 903
861;Blanchet Group;le droit d'atteindre vos buts en toute tranquilité;164 450 168
862;Royer et Fils;la sécurité d'évoluer autrement;790 558 139
863;Thierry et Fils;la simplicité de louer autrement;079 191 664
864;Pires-Grondin;la simplicité d'avancer autrement;761 965 404
865;Deschamps-Grenier;la sécurité d'avancer plus simplement;917 381 675
866;Maurice-Fernandes;la simplicité d'innover sans soucis;357 768 359
867;Rolland, Chretien et Poirier;la simplicité d'évoluer autrement;340 696 964
868;Gauthier-Hoareau;la liberté de concrétiser vos projets plus simplement;707 140 185
869;Gosselin, Alves et Vallet;la liberté de changer en toute sécurité;260 176 786
870;Dubois S.A.S.;la sécurité d'atteindre vos buts de manière sûre;641 316 486
871;Thibault, Bailly et Rocher;la possibilité d'innover plus rapidement;193 920 733
872;Levy Inc;l'avantage d'innover de manière sûre;004 237 553
873;Cohen-Bousquet;la sécurité de changer sans soucis;694 044 535
874;Traore, Valette et Delannoy;la simplicité d'avancer à l'état pur;583 624 232
875;Gomez-Lefebvre;le confort d'innover naturellement;362 151 599
876;Renaud et Fils;la simplicité d'innover en toute tranquilité;106 384 210
877;Alexandre, Costa et Lopez;la possibilité de changer naturellement;064 392 955
878;Richard, Guilbert et Valette;le droit de changer de manière efficace;323 160 309
879;Fernandes SARL;la sécurité de changer à sa source;087 868 983
880;Aubry Inc;la sécurité de changer de manière sûre;473 303 814
881;Guerin-Maillet;le pouvoir d'évoluer plus simplement;251 962 464
882;Hoarau LLC;l'art de rouler autrement;100 644 103
883;Colin-Robin;la simplicité de concrétiser vos projets de manière sûre;625 073 883
884;Lecomte Group;le droit d'atteindre vos buts de manière sûre;387 013 124
885;Hernandez-Foucher;le droit d'avancer plus rapidement;345 222 408
886;Robin, Bailly et Samson;l'art de rouler plus rapidement;203 404 836
887;Gros-Seguin;le confort de louer de manière sûre;037 633 781
888;Guillou-Lenoir;la sécurité de concrétiser vos projets à sa source;521 570 481
889;Loiseau-Michel;la simplicité de changer sans soucis;041 606 452
890;Roy Inc;la simplicité de concrétiser vos projets à la pointe;572 285 323
891;Benoit, Legendre et Breton;le droit d'atteindre vos buts en toute tranquilité;274 693 438
892;Clement LLC;la liberté d'innover sans soucis;642 479 430
893;Girard, Meyer et Pichon;le confort de louer autrement;994 799 225
894;Samson-Loiseau;l'art d'atteindre vos buts avant-tout;761 567 136
895;Fabre S.A.;l'assurance d'atteindre vos buts autrement;151 636 857
896;Thibault S.A.;l'art de rouler plus rapidement;247 673 719
897;Valette S.A.S.;l'assurance de concrétiser vos projets sans soucis;833 934 267
898;Fischer-Francois;le droit de louer de manière efficace;992 026 774
899;Perret-Collin;la liberté de louer en toute tranquilité;692 813 026
900;Payet, Rossi et Michaud;l'assurance de concrétiser vos projets à sa source;441 401 892
901;Goncalves-Lagarde;le confort de louer sans soucis;854 577 064
902;Bernier SARL;l'assurance de concrétiser vos projets plus facilement;087 695 711
903;Neveu, Martel et Robin;la liberté de louer à la pointe;628 234 757
904;Perrin-Gaudin;la simplicité de louer en toute sécurité;080 495 841
905;Legros, Pasquier et Payet;la sécurité de rouler en toute sécurité;911 544 752
906;Joly-Vallet;la possibilité de rouler à sa source;033 892 962
907;Traore-Marchand;le confort d'atteindre vos buts à sa source;172 534 052
908;Pruvost-Carpentier;l'assurance d'atteindre vos buts plus facilement;861 670 547
909;Payet-Imbert;l'assurance de concrétiser vos projets plus simplement;608 369 313
910;Jourdan-Begue;le plaisir de louer plus simplement;750 062 921
911;Tessier-Vidal;l'art de changer plus simplement;569 342 182
912;Teixeira, Carre et Martel;l'avantage de louer sans soucis;610 119 151
913;Simon S.A.R.L.;le plaisir d'avancer à sa source;227 004 910
914;Leroux, Chevalier et Bruneau;l'art de changer naturellement;613 837 083
915;Valette-Brunel;l'assurance d'atteindre vos buts en toute sécurité;097 984 904
916;Peltier, Brunel et Besson;la sécurité d'avancer avant-tout;776 144 794
917;Renaud, Leger et Perrot;le droit de louer de manière sûre;423 471 252
918;De Sousa S.A.R.L.;le plaisir de louer avant-tout;365 802 104
919;Martel-Gomes;la possibilité d'évoluer à la pointe;369 817 085
920;Foucher-Carpentier;la simplicité de concrétiser vos projets naturellement;946 897 637
921;Maury-Laurent;le pouvoir d'évoluer en toute sécurité;348 175 352
922;Lesage LLC;le pouvoir d'innover à sa source;487 407 563
923;Olivier, Voisin et Martinez;le pouvoir de changer plus simplement;597 898 906
924;Roy-Lesage;le droit d'atteindre vos buts plus facilement;827 956 535
925;Laine-Samson;le pouvoir de louer plus simplement;360 212 465
926;Marechal-Lecomte;le confort d'avancer de manière efficace;939 386 615
927;Gallet, Paul et Monnier;le pouvoir d'innover de manière efficace;081 930 389
928;Traore-Gallet;la sécurité d'atteindre vos buts à la pointe;089 177 314
929;Weiss, Hoarau et Thomas;l'avantage d'évoluer plus facilement;396 484 023
930;Pons, Nguyen et Wagner;l'art de rouler avant-tout;817 774 812
931;Perrier, Allain et Thomas;le plaisir d'innover à l'état pur;058 487 466
932;Joubert Group;la liberté de rouler de manière efficace;481 695 058
933;Bertrand-Grondin;l'avantage d'avancer naturellement;262 636 199
934;Petit, Coste et Colin;la possibilité de changer à la pointe;493 192 749
935;Rodrigues, Lefebvre et Munoz;l'art de louer plus simplement;711 074 564
936;Monnier-Briand;la simplicité d'innover plus simplement;540 519 348
937;Marty-Brunel;le pouvoir d'atteindre vos buts naturellement;708 330 004
938;Lebreton S.A.;le droit de louer de manière sûre;131 487 339
939;Collin-Auger;le pouvoir d'avancer naturellement;538 944 205
940;Lopes-Vallet;l'art d'avancer de manière sûre;177 457 230
941;Lefevre-Rousseau;l'assurance de changer naturellement;875 659 720
942;Hoareau, Guilbert et Dupre;le droit d'innover naturellement;542 273 629
943;Texier SA;l'art d'innover naturellement;745 191 935
944;Schmitt SA;le confort de rouler autrement;094 589 497
945;Millet SA;le plaisir de rouler avant-tout;502 542 271
946;Dias SA;la possibilité d'avancer autrement;028 604 597
947;Mary, Legrand et Gregoire;la sécurité d'atteindre vos buts de manière efficace;407 153 287
948;Bertin-Louis;l'assurance de concrétiser vos projets naturellement;641 914 776
949;Diaz SA;la sécurité d'innover sans soucis;728 030 616
950;Allard, Fontaine et Cohen;le plaisir d'évoluer à la pointe;302 289 459
951;Fontaine-Bonnin;l'avantage de changer sans soucis;880 347 795
952;Mary, Vincent et Lefebvre;le plaisir de changer autrement;159 719 521
953;Mallet-Rousset;la liberté d'évoluer autrement;564 066 540
954;Navarro-Gilbert;la sécurité de concrétiser vos projets de manière sûre;853 062 380
955;Vallet, Michaud et Gosselin;le confort de louer à l'état pur;605 527 772
956;Rossi, Reynaud et Rodrigues;la simplicité de concrétiser vos projets avant-tout;586 910 961
957;Moreno S.A.;le pouvoir de changer plus facilement;550 441 555
958;Devaux Group;l'assurance d'avancer avant-tout;696 353 883
959;Gros, Peltier et Goncalves;l'avantage d'atteindre vos buts plus rapidement;804 161 887
960;Francois S.A.R.L.;la liberté d'avancer en toute tranquilité;139 954 505
961;Ruiz-Leblanc;la simplicité d'avancer à l'état pur;657 610 980
962;Jourdan, Merle et Morel;le confort de rouler autrement;547 881 319
963;Paul, Guillaume et Leclerc;le pouvoir d'évoluer plus rapidement;127 763 838
964;Fischer-Lacroix;la sécurité d'évoluer autrement;486 741 181
965;Barthelemy S.A.;l'assurance d'innover plus rapidement;379 192 499
966;Paul SA;la simplicité d'évoluer plus facilement;856 699 183
967;Besnard SARL;la simplicité d'avancer à l'état pur;809 776 912
968;Charrier Group;l'assurance de louer avant-tout;878 084 043
969;Gaillard-Pruvost;le plaisir de rouler en toute sécurité;706 113 787
970;Fernandes, Lemaire et Delaunay;le confort de rouler sans soucis;027 539 146
971;Dos Santos-Leclercq;le droit d'innover de manière sûre;712 050 578
972;Deschamps-Roux;l'art d'atteindre vos buts plus facilement;292 820 173
973;Gautier, Collet et Normand;le pouvoir de rouler en toute sécurité;853 927 226
974;Pineau-Riou;la simplicité de concrétiser vos projets plus facilement;810 619 983
975;Clement, Roussel et Bernard;le pouvoir d'innover plus rapidement;418 143 251
976;Moreno, Philippe et Laroche;l'avantage de louer en toute tranquilité;208 917 430
977;Dupre-Etienne;la sécurité d'atteindre vos buts plus facilement;124 838 285
978;Martinez LLC;la liberté de changer en toute sécurité;360 660 062
979;Blin-Mathieu;l'assurance d'innover plus simplement;748 173 288
980;Leleu S.A.R.L.;la liberté de rouler avant-tout;797 820 796
981;Vidal LLC;le plaisir de concrétiser vos projets sans soucis;896 404 345
982;Perrier, Faivre et Vidal;la sécurité de rouler sans soucis;741 813 309
983;Grenier-Godard;le confort de concrétiser vos projets à sa source;919 928 159
984;Lambert-Chauveau;la simplicité de changer sans soucis;889 991 224
985;Lemaitre, Barbier et Moulin;l'art d'atteindre vos buts à l'état pur;006 644 868
986;Bailly Group;la liberté d'atteindre vos buts en toute sécurité;620 497 971
987;Lopez, Antoine et Lelievre;la sécurité d'innover en toute sécurité;180 139 851
988;Mallet-Dubois;le plaisir de rouler à la pointe;426 377 231
989;Vaillant S.A.S.;la liberté de louer en toute tranquilité;812 005 038
990;Langlois et Fils;la sécurité d'évoluer à sa source;662 741 903
991;Labbe, Petit et Sauvage;la simplicité de louer avant-tout;258 366 397
992;Carre, Grondin et Paris;l'avantage d'innover à l'état pur;269 681 973
993;Bonnin-Cordier;l'assurance d'évoluer de manière sûre;150 131 472
994;Pires-Jacob;la liberté d'innover sans soucis;424 786 268
995;Brunet, Renard et Paris;le droit de concrétiser vos projets à la pointe;993 276 793
996;Marin, Mallet et Fischer;le confort de changer naturellement;284 499 667
997;Navarro, Texier et Normand;le plaisir d'atteindre vos buts de manière sûre;621 994 358
998;Gautier et Fils;le droit d'évoluer à l'état pur;542 675 529
999;Jacob, Boyer et Fernandes;l'art de concrétiser vos projets plus simplement;371 541 333
1000;Collet-Diallo;la possibilité d'avancer autrement;318 711 840
