1;Lebrun SARL;l'avantage de rouler à sa source;180 617 228
2;Huet-Bousquet;la possibilité d'innover en toute tranquilité;512 780 280
3;Gosselin, Cousin et Hardy;le pouvoir de rouler naturellement;734 780 343
4;Didier, Poulain et Renaud;la liberté de changer à la pointe;883 141 517
5;Bouvet S.A.R.L.;le plaisir d'évoluer plus simplement;484 416 000
6;Mercier Inc;le pouvoir d'atteindre vos buts de manière efficace;347 736 017
7;Marty, Mathieu et Vallee;la liberté d'avancer sans soucis;452 103 212
8;Dupuy, Rousseau et Denis;le plaisir de changer sans soucis;335 828 689
9;Rodriguez LLC;l'assurance d'innover plus simplement;902 849 026
10;Barre Group;la simplicité de rouler naturellement;373 595 497
11;Fleury, Pichon et Richard;l'assurance d'évoluer à sa source;664 622 053
12;Maillet S.A.;le confort de concrétiser vos projets à la pointe;689 149 763
13;Berger-Guillot;la simplicité d'atteindre vos buts avant-tout;380 072 998
14;Colas et Fils;l'assurance d'atteindre vos buts de manière efficace;633 770 405
15;Leconte-Leblanc;le droit d'évoluer en toute sécurité;495 587 825
16;Baron et Fils;la liberté d'avancer autrement;363 559 943
17;Perrin, Texier et Mary;le droit de rouler à la pointe;943 622 137
18;Menard, Guillet et Fernandes;le pouvoir de changer de manière sûre;533 298 349
19;Cohen-Bailly;la sécurité d'évoluer avant-tout;160 422 120
20;Julien, Gautier et Allard;le droit de rouler de manière sûre;043 521 463
21;Lopez-Philippe;l'avantage de rouler de manière efficace;277 002 209
22;Bazin-Bruneau;la sécurité d'innover plus facilement;910 781 827
23;Didier-Roussel;la simplicité d'avancer à la pointe;016 452 090
24;Henry-Thibault;l'assurance de changer en toute tranquilité;965 774 134
25;Bonnet-Gomes;l'avantage de rouler de manière sûre;552 793 284
26;Richard, Bailly et Marie;l'assurance d'atteindre vos buts plus rapidement;104 988 623
27;Jean-Faure;la possibilité de changer plus rapidement;596 757 857
28;Briand, Philippe et Dupont;la possibilité de louer autrement;787 622 264
29;Lefebvre, Schmitt et Diaz;le plaisir d'avancer plus facilement;855 275 277
30;Dos Santos, Lemoine et Riou;la possibilité de louer sans soucis;544 407 295
31;Hardy SA;l'art de changer plus rapidement;122 173 298
32;Blanchet-Gillet;l'art d'atteindre vos buts en toute sécurité;546 306 676
33;Boulay et Fils;le confort de changer sans soucis;161 585 019
34;Maury, Jourdan et Poulain;le droit de changer plus facilement;771 077 821
35;Leduc LLC;la liberté de rouler en toute sécurité;643 855 587
36;Vallee-Bernier;l'art de concrétiser vos projets plus simplement;000 252 695
37;Boyer Inc;le droit d'évoluer autrement;482 582 683
38;Lopez, Rocher et Girard;le pouvoir de changer à sa source;125 683 454
39;Gaillard et Fils;le confort d'évoluer sans soucis;053 908 984
40;Nicolas, Traore et Le Goff;le plaisir d'évoluer en toute tranquilité;568 176 629
41;Benard-Rodriguez;le droit de concrétiser vos projets en toute sécurité;324 823 063
42;Menard, Didier et Carpentier;le pouvoir de rouler avant-tout;865 075 880
43;Reynaud-Begue;l'art de louer à la pointe;350 486 069
44;Besnard, Michel et Bourgeois;la possibilité de louer autrement;751 361 947
45;Gauthier, Ribeiro et Bourgeois;la simplicité d'évoluer de manière sûre;220 108 892
46;Mathieu, Clement et Gonzalez;la possibilité d'avancer à la pointe;139 489 869
47;Moulin Inc;le droit de concrétiser vos projets à la pointe;736 051 227
48;Gilles SARL;l'avantage d'avancer avant-tout;482 871 279
49;Parent, Clerc et Masse;la simplicité d'atteindre vos buts à l'état pur;048 009 812
50;Fournier-Petitjean;la simplicité d'évoluer plus rapidement;389 816 404
51;Girard SARL;l'avantage d'atteindre vos buts de manière efficace;144 644 098
52;Dos Santos-Valentin;la sécurité d'évoluer à l'état pur;359 480 358
53;Lecoq, Lacombe et Maillet;la sécurité de louer naturellement;161 957 904
54;Boulay-Foucher;l'assurance d'avancer à la pointe;656 157 826
55;Pottier, Langlois et Germain;la possibilité d'évoluer à sa source;498 140 984
56;Etienne-Delahaye;le pouvoir d'évoluer plus facilement;725 327 409
57;Pelletier, Clerc et Pages;le plaisir de rouler en toute sécurité;438 001 283
58;Peron S.A.S.;le confort de rouler avant-tout;517 767 386
59;Toussaint, Legrand et Morin;l'avantage de concrétiser vos projets à la pointe;493 639 949
60;Reynaud, Coste et De Sousa;le confort de concrétiser vos projets à sa source;651 825 146
61;Rossi, Salmon et Wagner;la simplicité de rouler à l'état pur;472 565 429
62;Riviere S.A.S.;la possibilité d'évoluer plus facilement;514 665 374
63;Grenier S.A.;la liberté de rouler plus rapidement;132 261 843
64;Diallo-Delaunay;la possibilité de rouler sans soucis;085 940 651
65;Albert SA;l'art de louer plus facilement;767 183 596
66;Arnaud S.A.R.L.;l'art de louer en toute tranquilité;367 811 021
67;Paul-Chevallier;le confort de concrétiser vos projets en toute tranquilité;402 961 125
68;Allard-Monnier;le confort de louer plus rapidement;737 638 211
69;Dufour, Roger et Marion;le plaisir de concrétiser vos projets plus rapidement;404 175 991
70;Bertin S.A.;la simplicité d'évoluer de manière efficace;254 058 909
71;Blin, Pelletier et Sauvage;l'avantage d'atteindre vos buts sans soucis;925 309 464
72;Devaux-Mendes;la possibilité de louer en toute sécurité;157 014 394
73;Goncalves, Joubert et Baron;le pouvoir de louer à sa source;061 194 891
74;Vaillant, Peron et Loiseau;le pouvoir d'avancer plus simplement;692 146 545
75;Maurice-Bourgeois;la sécurité de concrétiser vos projets plus rapidement;137 539 781
76;Parent S.A.S.;le droit de rouler à l'état pur;239 160 486
77;Laine, Bazin et Fouquet;la possibilité d'innover plus rapidement;386 962 078
78;Gilbert-Lejeune;la simplicité de louer en toute sécurité;567 864 962
79;Gauthier, Renaud et Gonzalez;le plaisir de changer en toute sécurité;357 514 672
80;Pascal, Lefebvre et Rousseau;le plaisir de rouler de manière efficace;293 540 581
81;Poirier SA;l'avantage d'innover en toute tranquilité;072 385 771
82;Traore S.A.R.L.;le plaisir d'avancer de manière efficace;903 977 435
83;Michel, Lacombe et Delahaye;le pouvoir d'évoluer à sa source;826 692 561
84;Barre SA;l'avantage d'avancer de manière efficace;336 774 797
85;Maury SARL;la liberté de louer de manière sûre;305 698 832
86;Adam S.A.S.;la sécurité d'avancer à la pointe;453 895 508
87;Fabre, Fleury et Duhamel;la possibilité de changer à l'état pur;761 757 189
88;Gosselin-Munoz;l'avantage d'évoluer à sa source;860 547 760
89;Fleury, Petitjean et Devaux;le confort de concrétiser vos projets en toute sécurité;288 785 311
90;Pruvost, Gomes et Deschamps;le plaisir de louer de manière sûre;106 987 012
91;Bigot Group;le confort d'avancer de manière efficace;188 905 799
92;Chauvin SA;la sécurité de rouler avant-tout;797 628 550
93;Hamon-Duhamel;le confort d'innover sans soucis;948 464 379
94;Mendes, Coste et Bertin;le droit d'évoluer plus rapidement;225 182 611
95;Joly SARL;le confort de louer naturellement;437 969 014
96;Tanguy Inc;la sécurité de concrétiser vos projets plus rapidement;640 842 159
97;Gallet-Pruvost;le confort de rouler autrement;110 902 614
98;Bourdon Group;l'art d'innover plus facilement;062 894 164
99;Becker SARL;la simplicité de changer autrement;808 181 819
100;Dubois S.A.;la sécurité de rouler à la pointe;074 057 775
101;Pires S.A.R.L.;l'avantage de rouler à la pointe;900 408 322
102;Fernandez, Chretien et Berger;le plaisir d'atteindre vos buts en toute tranquilité;309 529 774
103;Julien-Breton;le confort de louer à l'état pur;428 714 325
104;Martineau Group;le pouvoir de changer à l'état pur;451 747 858
105;Georges, Pascal et Carpentier;le confort d'innover en toute sécurité;851 256 221
106;Tanguy SA;la liberté d'innover plus facilement;665 169 188
107;Leconte-Paul;l'assurance d'avancer avant-tout;539 457 883
108;Pascal S.A.S.;le plaisir de concrétiser vos projets autrement;516 555 354
109;Dias S.A.R.L.;la sécurité de louer autrement;269 809 299
110;Paris S.A.;le plaisir de changer à l'état pur;103 679 470
111;Blanchet, Traore et Dupre;le plaisir de changer plus rapidement;259 775 456
112;Da Silva-Carpentier;le confort de rouler en toute sécurité;015 401 847
113;Lebon, Besson et Tessier;l'avantage d'atteindre vos buts autrement;712 322 549
114;Ferreira, Langlois et Texier;la simplicité d'atteindre vos buts plus simplement;175 381 253
115;Da Costa, Delaunay et Lucas;le droit de louer plus facilement;716 899 820
116;Dubois, Barre et Meunier;le pouvoir d'évoluer autrement;777 684 793
117;Vidal, Mace et Didier;le plaisir de changer avant-tout;878 963 599
118;Langlois, Marechal et Roux;l'art d'évoluer avant-tout;795 156 984
119;Lefevre-Bouvet;l'assurance de rouler autrement;807 705 351
120;Hardy SA;l'art de louer plus facilement;361 398 958
121;Dos Santos S.A.R.L.;l'art de concrétiser vos projets de manière efficace;567 910 460
122;Delannoy LLC;la possibilité de rouler avant-tout;617 366 364
123;Leconte-Fernandes;le plaisir d'évoluer de manière sûre;301 231 884
124;Cousin, Couturier et Leclerc;le confort d'innover plus simplement;253 843 499
125;Lemaire S.A.S.;la possibilité de rouler sans soucis;037 612 347
126;Voisin S.A.S.;le plaisir d'atteindre vos buts à l'état pur;549 177 936
127;Jacques, Robert et Roy;le pouvoir d'évoluer de manière sûre;426 052 980
128;Lopes, Ledoux et Bouchet;le droit d'atteindre vos buts de manière sûre;075 941 657
129;Delattre-Lelievre;l'avantage de concrétiser vos projets sans soucis;948 235 713
130;Lemaitre-Dijoux;le droit d'avancer plus facilement;739 240 890
131;Rousset SA;l'art d'avancer plus facilement;579 824 356
132;Letellier-Ruiz;l'art d'avancer de manière efficace;887 533 777
133;Poulain, Leroux et Lopes;l'avantage d'évoluer à la pointe;659 997 471
134;Laine-Blin;l'avantage d'évoluer à sa source;465 314 837
135;Bonneau Group;la simplicité de changer à l'état pur;420 012 767
136;Dos Santos-Petitjean;la possibilité de louer de manière efficace;703 009 655
137;Masse-Boulay;la sécurité d'évoluer autrement;127 904 769
138;Auger-Jacquot;le confort de louer à l'état pur;321 764 215
139;Mercier, Faivre et Marchal;le droit de louer à la pointe;563 884 230
140;Dufour SARL;le confort d'innover à sa source;951 734 129
141;Gonzalez Group;la simplicité de changer en toute tranquilité;676 038 259
142;Auger S.A.S.;le droit d'innover plus rapidement;433 614 468
143;Valette-Cousin;le pouvoir d'avancer de manière efficace;389 532 990
144;Guibert-Dupuis;la possibilité de concrétiser vos projets de manière sûre;676 055 259
145;Remy, Loiseau et Legros;l'assurance de changer avant-tout;937 295 242
146;Nguyen LLC;le droit d'évoluer à la pointe;783 420 235
147;Pichon-Dufour;le confort de concrétiser vos projets en toute sécurité;623 561 300
148;Chevallier Group;le pouvoir de rouler à la pointe;869 924 908
149;Guibert, Renault et Cordier;le confort d'évoluer à l'état pur;175 863 920
150;Chevallier SARL;la sécurité d'évoluer sans soucis;704 523 867
151;Martineau, Tessier et Lucas;l'avantage d'avancer avant-tout;633 563 320
152;Jacquot et Fils;l'assurance de louer plus rapidement;046 863 576
153;Jean Inc;le plaisir de changer à l'état pur;124 280 096
154;Gaillard-Lemoine;le plaisir d'avancer plus simplement;993 690 748
155;Reynaud-Leduc;le plaisir de changer avant-tout;698 935 592
156;Perrot-Valette;l'art d'avancer à l'état pur;206 166 267
157;Tanguy S.A.;la possibilité d'avancer à l'état pur;468 937 745
158;Lebreton et Fils;la liberté d'évoluer plus rapidement;058 159 748
159;Marty-Mary;le confort de changer autrement;105 607 708
160;Lemonnier et Fils;la possibilité de rouler en toute tranquilité;540 343 323
161;Durand SARL;le confort d'atteindre vos buts de manière efficace;895 494 482
162;Dupont-Philippe;la possibilité de louer en toute tranquilité;954 634 403
163;Adam et Fils;la possibilité de rouler naturellement;788 342 762
164;Hardy-Masson;le plaisir de concrétiser vos projets avant-tout;170 868 418
165;Schmitt, Delannoy et Raynaud;l'assurance de concrétiser vos projets en toute tranquilité;439 240 638
166;Fournier Inc;la possibilité d'atteindre vos buts avant-tout;084 698 149
167;Lamy S.A.R.L.;l'assurance de rouler avant-tout;477 990 512
168;Moreau-Barbier;la sécurité de rouler en toute sécurité;556 770 757
169;Bernard-Benoit;la liberté d'avancer à sa source;433 830 187
170;Alves, Paris et Chauvet;la simplicité de changer de manière sûre;810 159 011
171;Grondin LLC;le droit d'avancer plus facilement;517 891 526
172;Bertrand S.A.;le confort de louer sans soucis;574 269 629
173;Maillot LLC;le pouvoir de rouler de manière sûre;955 088 113
174;Bousquet-Fischer;l'avantage de concrétiser vos projets plus facilement;404 271 118
175;Sanchez, Bonneau et Pires;le plaisir d'innover plus simplement;876 704 605
176;Cousin, Blanc et Dupuis;la simplicité d'innover sans soucis;383 754 278
177;Lombard S.A.S.;le droit de concrétiser vos projets en toute sécurité;217 488 281
178;Bonnin Group;la liberté d'avancer en toute sécurité;521 074 548
179;Gonzalez, Besson et Guerin;l'avantage de changer avant-tout;193 470 214
180;Perrier-Lambert;l'avantage d'évoluer à la pointe;111 747 087
181;Guerin S.A.R.L.;l'avantage de louer avant-tout;356 196 217
182;Blanchet, Alves et Loiseau;la possibilité de changer plus simplement;530 040 262
183;Alexandre-Gimenez;le plaisir de changer de manière sûre;621 479 953
184;Cohen, Teixeira et Laporte;l'assurance de louer en toute tranquilité;704 479 161
185;Charrier, Becker et Moulin;la liberté de concrétiser vos projets avant-tout;865 570 794
186;Bertrand-Costa;la possibilité d'atteindre vos buts en toute tranquilité;119 701 643
187;Weiss-Lebon;la simplicité d'avancer plus simplement;520 799 846
188;Allard-Potier;la liberté d'évoluer en toute sécurité;453 909 620
189;Duhamel, Gillet et Loiseau;le pouvoir d'atteindre vos buts à la pointe;907 471 062
190;Gilles et Fils;l'avantage d'atteindre vos buts sans soucis;006 807 776
191;Durand-Leroy;la possibilité d'évoluer de manière sûre;303 692 233
192;Verdier SARL;la simplicité d'atteindre vos buts de manière efficace;651 262 149
193;Gaudin-Langlois;le confort de rouler à la pointe;729 188 598
194;Gonzalez, Leger et Antoine;la liberté de concrétiser vos projets à la pointe;181 871 195
195;Sauvage-Blanchard;la liberté de changer avant-tout;916 053 820
196;Lefebvre Group;le confort de louer à la pointe;254 408 945
197;Berger-Lombard;la liberté de louer à sa source;036 871 967
198;Gonzalez S.A.;l'avantage de louer autrement;995 505 075
199;Baudry, Moreno et Da Costa;l'avantage d'évoluer en toute sécurité;914 779 208
200;Riou S.A.R.L.;l'assurance de changer naturellement;122 946 456
201;Michaud Group;la liberté de concrétiser vos projets naturellement;721 873 972
202;Techer, Jacques et Lefebvre;la possibilité de changer à la pointe;954 369 847
203;Jacob, Regnier et Moulin;le confort d'innover à l'état pur;632 389 290
204;Levy-Le Roux;la sécurité de rouler de manière sûre;409 599 702
205;Pierre, Andre et Gomes;l'avantage de louer autrement;121 905 865
206;Martel-Potier;le pouvoir d'atteindre vos buts de manière efficace;452 383 291
207;Teixeira, Chevallier et Fournier;l'avantage d'innover sans soucis;930 785 525
208;Charpentier S.A.S.;le plaisir d'évoluer avant-tout;886 039 370
209;Deschamps-Delahaye;la simplicité d'évoluer plus rapidement;737 305 575
210;Thomas LLC;l'avantage de rouler plus rapidement;878 567 261
211;Lefort-Fleury;l'avantage d'innover à la pointe;206 542 705
212;Lacroix Group;la simplicité d'évoluer de manière sûre;399 451 008
213;Pierre LLC;la simplicité de concrétiser vos projets à l'état pur;126 667 404
214;Morvan, Pages et Etienne;le droit d'atteindre vos buts en toute tranquilité;505 290 633
215;Hamel-Berthelot;l'art de louer sans soucis;034 335 694
216;Schneider SA;le confort d'avancer plus simplement;426 040 640
217;Baron, Barre et Roger;la liberté de louer en toute sécurité;929 906 049
218;Coulon, Ferrand et Thibault;la possibilité de louer à sa source;402 851 619
219;Pruvost, Vincent et Delannoy;la liberté de changer naturellement;269 029 587
220;Mathieu-Voisin;la sécurité de concrétiser vos projets de manière efficace;501 071 745
221;Lebrun, Lebreton et Gimenez;la liberté de changer en toute sécurité;224 808 768
222;Foucher Inc;le confort de louer en toute tranquilité;754 068 990
223;Hubert, Le Gall et Bouvier;la liberté d'innover sans soucis;458 113 114
224;Riviere, Delattre et Noel;l'avantage d'évoluer autrement;978 928 976
225;Barbe LLC;le confort d'évoluer en toute sécurité;226 057 273
226;Muller Group;le droit de louer naturellement;699 509 601
227;Perrot Inc;l'art d'évoluer plus rapidement;187 325 125
228;Garcia-Pons;le pouvoir de changer de manière efficace;605 446 984
229;Letellier-Turpin;la possibilité de louer avant-tout;101 363 964
230;Gros-Roussel;la possibilité de louer sans soucis;625 408 619
231;Henry-Ferreira;l'art d'innover de manière sûre;966 738 747
232;Lebreton, Hebert et Baudry;la liberté d'innover plus facilement;415 068 570
233;Antoine SA;l'avantage de concrétiser vos projets avant-tout;528 585 331
234;Rousseau S.A.S.;la sécurité d'atteindre vos buts autrement;298 052 221
235;Olivier-Marion;l'art de concrétiser vos projets de manière efficace;373 491 125
236;Pruvost SA;le plaisir de louer à la pointe;003 798 700
237;Maillard-Nguyen;l'assurance d'avancer plus rapidement;849 912 927
238;Pons-Maillet;l'art d'innover de manière sûre;096 046 568
239;Pinto SARL;le droit d'avancer plus simplement;765 321 847
240;Brun et Fils;le confort de changer de manière sûre;256 420 534
241;Pons LLC;l'avantage d'évoluer de manière efficace;797 102 553
242;Gautier-Launay;la simplicité de rouler naturellement;280 270 349
243;Antoine, Meyer et Masson;la sécurité d'innover sans soucis;674 891 285
244;Mahe S.A.;l'art de rouler à sa source;510 958 107
245;Dos Santos-Schmitt;l'avantage d'innover à l'état pur;439 585 845
246;Gerard LLC;l'avantage de changer à sa source;866 709 333
247;Benard-Descamps;l'assurance de rouler avant-tout;362 875 304
248;Roux, Devaux et Noel;l'art d'atteindre vos buts plus facilement;328 801 970
249;Germain S.A.;la possibilité de louer avant-tout;294 225 714
250;Gregoire SA;le droit d'innover autrement;559 653 989
251;Morin, De Oliveira et Evrard;le droit d'innover à la pointe;176 855 447
252;Poulain-Lacroix;la possibilité d'évoluer avant-tout;472 212 877
253;Mathieu-Gallet;l'avantage de louer autrement;218 713 585
254;Besnard, Sanchez et Perrot;la simplicité d'innover plus facilement;999 364 356
255;Petitjean, Besson et Benard;la simplicité d'atteindre vos buts avant-tout;953 767 701
256;Blanchard, Bonnet et Philippe;le droit d'évoluer plus simplement;697 329 984
257;Didier S.A.;la liberté de rouler en toute tranquilité;608 538 972
258;Rey S.A.R.L.;la simplicité d'avancer plus facilement;409 803 273
259;Perret-Charles;la liberté d'avancer en toute sécurité;334 492 379
260;Becker, Gilles et Sauvage;l'assurance de changer plus facilement;760 721 113
261;Chauvet, Lacroix et Ribeiro;le pouvoir de concrétiser vos projets plus simplement;767 189 986
262;Roux-Lombard;l'assurance de changer plus rapidement;123 751 231
263;Sanchez, Peltier et Levy;la simplicité d'atteindre vos buts autrement;665 577 422
264;Chauveau-Bernard;le pouvoir de concrétiser vos projets à sa source;995 660 176
265;Moreno-Devaux;le pouvoir de rouler à l'état pur;533 801 317
266;Perez-Fouquet;le plaisir de rouler avant-tout;549 001 444
267;Herve S.A.S.;le confort de changer plus simplement;087 583 158
268;Delahaye SA;la simplicité de louer de manière efficace;754 610 636
269;Gautier S.A.S.;l'avantage de changer à sa source;172 913 652
270;Godard LLC;la simplicité de changer plus rapidement;828 293 139
271;Gros, Vasseur et Thomas;l'art d'avancer en toute sécurité;011 249 210
272;Gros-Lopez;la sécurité d'avancer à sa source;747 661 003
273;Dupuis-Legrand;la simplicité de changer en toute tranquilité;983 844 590
274;Albert, Lecoq et Barbe;le pouvoir de rouler à l'état pur;895 920 322
275;Baudry, Mercier et Schneider;le confort de changer à la pointe;203 436 355
276;Remy-Begue;la possibilité de concrétiser vos projets naturellement;172 437 600
277;Hubert, Pierre et Lefevre;l'assurance d'évoluer plus rapidement;866 373 467
278;Georges S.A.S.;la sécurité d'avancer en toute sécurité;118 730 339
279;Bodin, Dupont et Camus;la liberté de rouler sans soucis;042 113 308
280;Mahe-Rolland;le plaisir de louer plus facilement;772 696 083
281;Henry, Vincent et Lucas;la sécurité de rouler de manière sûre;466 714 717
282;Delmas Group;le plaisir de concrétiser vos projets de manière efficace;717 001 276
283;Martineau-Cohen;la simplicité de changer de manière sûre;328 256 767
284;Leduc, Nicolas et Morel;la simplicité d'avancer avant-tout;751 318 517
285;Gerard SARL;l'avantage d'innover naturellement;776 892 081
286;Couturier SARL;la liberté de concrétiser vos projets plus facilement;802 811 761
287;Munoz SA;la sécurité de changer naturellement;337 690 743
288;Marchal-Le Gall;la simplicité de concrétiser vos projets à l'état pur;836 610 517
289;Pascal-Prevost;la possibilité de rouler en toute sécurité;886 960 183
290;Letellier SA;le droit de concrétiser vos projets en toute tranquilité;213 071 760
291;Fernandez SA;la simplicité de rouler à la pointe;449 954 260
292;Masson SARL;le droit d'atteindre vos buts autrement;886 633 589
293;Caron-Noel;l'art d'innover sans soucis;935 047 694
294;Becker-Gillet;le confort de concrétiser vos projets plus rapidement;417 613 244
295;Henry, Thierry et Bourgeois;le plaisir de rouler à la pointe;498 766 729
296;Laroche S.A.S.;la sécurité d'avancer plus facilement;663 808 543
297;Descamps-Hamon;l'avantage de rouler naturellement;139 893 712
298;Joseph, Joly et Descamps;la simplicité de changer plus simplement;371 938 320
299;Clement, Durand et Chevalier;le droit de rouler avant-tout;148 540 360
300;Robert-Lamy;le droit de rouler en toute sécurité;835 751 177
301;Normand et Fils;le confort d'évoluer naturellement;590 500 987
302;Lebon, Thierry et Gay;la liberté d'atteindre vos buts de manière efficace;963 674 109
303;Fouquet SARL;l'assurance d'innover plus rapidement;583 790 411
304;Normand Inc;la sécurité de louer en toute tranquilité;180 382 825
305;Couturier, Marchal et Thomas;la simplicité d'avancer à sa source;080 841 457
306;Fouquet-Ferrand;la sécurité d'évoluer avant-tout;345 063 581
307;Lebrun-Le Goff;la simplicité d'innover à sa source;518 804 289
308;Leger-Chauveau;la possibilité de rouler de manière sûre;240 780 513
309;Munoz, Monnier et Pruvost;la possibilité d'innover en toute sécurité;626 445 312
310;Faure S.A.R.L.;la liberté d'atteindre vos buts avant-tout;027 259 748
311;Cordier-Diaz;le pouvoir de concrétiser vos projets à l'état pur;767 043 745
312;Guichard et Fils;l'avantage de rouler à sa source;593 932 694
313;Girard, Andre et Dupuis;l'avantage d'évoluer autrement;053 433 828
314;Charpentier, Guichard et Pineau;le plaisir de rouler à la pointe;716 439 708
315;Langlois, Blanc et Mercier;le plaisir d'avancer à l'état pur;746 157 070
316;Bonnet-Blot;le droit d'atteindre vos buts de manière efficace;776 817 449
317;Giraud-Leroy;le confort d'atteindre vos buts de manière sûre;441 296 808
318;Etienne-Andre;l'art de changer autrement;624 763 857
319;Vallee-Joseph;la sécurité de rouler sans soucis;783 375 030
320;Dubois-Lemaire;le plaisir d'innover plus facilement;221 387 524
321;Guyot S.A.R.L.;la liberté de concrétiser vos projets en toute tranquilité;315 761 295
322;Chauvin S.A.R.L.;l'avantage d'atteindre vos buts en toute tranquilité;514 617 466
323;Courtois, Cordier et Fabre;la liberté d'innover en toute sécurité;180 071 551
324;Payet-Turpin;la simplicité d'innover naturellement;593 067 672
325;Chauveau-Begue;l'art de louer en toute sécurité;942 736 937
326;Fernandes-Normand;la possibilité d'évoluer plus rapidement;505 266 193
327;Perrin-Pinto;l'assurance d'avancer plus rapidement;729 792 040
328;Vallet, Lemaire et Pelletier;le pouvoir d'avancer plus rapidement;713 187 264
329;Jourdan S.A.;le plaisir de concrétiser vos projets plus facilement;366 212 675
330;Leconte Inc;la sécurité de rouler plus simplement;083 444 809
331;Lefebvre, Couturier et Richard;l'avantage d'évoluer de manière sûre;142 490 610
332;Denis Group;le pouvoir d'évoluer plus rapidement;707 945 122
333;Chartier, Gaudin et Evrard;l'assurance d'évoluer de manière efficace;720 099 379
334;Raymond, Hernandez et Wagner;le confort de rouler autrement;586 738 551
335;Garnier S.A.S.;l'art de changer en toute tranquilité;510 122 318
336;Moulin-Lefort;le pouvoir d'atteindre vos buts à la pointe;655 510 357
337;Leroux-Bazin;l'assurance d'atteindre vos buts plus facilement;699 740 169
338;Allard-Evrard;la possibilité de changer avant-tout;651 502 534
339;Petit, Renaud et Chauvin;l'art de louer à l'état pur;084 937 268
340;Chauveau-Lebon;la possibilité d'innover naturellement;316 115 922
341;Jourdan, Perret et Maillard;le droit d'avancer de manière efficace;043 597 925
342;Toussaint-Barbe;l'avantage de rouler de manière sûre;132 857 490
343;Gerard, Voisin et Pereira;la simplicité d'avancer autrement;519 229 644
344;Gaillard, Bigot et Loiseau;la possibilité d'évoluer à la pointe;358 374 088
345;Richard S.A.S.;la possibilité de changer plus simplement;117 108 374
346;Legrand S.A.R.L.;la possibilité d'évoluer de manière efficace;577 351 446
347;Berger-Henry;la liberté d'avancer sans soucis;771 582 188
348;Lemaitre-Lefevre;le pouvoir d'évoluer plus rapidement;943 650 427
349;Launay Group;le pouvoir d'atteindre vos buts plus facilement;400 108 501
350;Gonzalez, Cohen et Gosselin;l'assurance d'innover sans soucis;600 082 158
351;Royer, Olivier et Guerin;la sécurité de concrétiser vos projets plus rapidement;875 154 763
352;Mary, Perrot et Rodrigues;le plaisir d'innover avant-tout;175 986 754
353;Marie-Martins;le confort d'avancer à l'état pur;169 867 874
354;Bruneau SARL;le pouvoir d'innover naturellement;111 172 182
355;Vasseur, Gaillard et Lemaire;la sécurité de changer autrement;168 264 051
356;Pelletier Group;la sécurité d'innover à l'état pur;470 363 985
357;Gregoire-Rousseau;l'avantage d'atteindre vos buts à l'état pur;524 883 879
358;Diallo-Humbert;l'assurance de concrétiser vos projets en toute sécurité;249 076 599
359;Jacquot, Francois et Rodriguez;la possibilité d'évoluer en toute tranquilité;234 110 274
360;Diallo S.A.;la liberté d'avancer autrement;981 146 802
361;Dijoux-Grondin;la liberté d'évoluer avant-tout;977 720 879
362;Regnier, Bernard et Vallet;le plaisir de changer à sa source;015 951 258
363;Andre, Barthelemy et Becker;l'avantage de concrétiser vos projets plus simplement;387 793 493
364;Roger, Richard et Sauvage;la liberté d'atteindre vos buts de manière efficace;281 726 600
365;Clement S.A.;l'avantage d'atteindre vos buts de manière sûre;252 540 442
366;Richard SARL;la liberté d'avancer sans soucis;338 716 560
367;Gimenez-Daniel;le confort d'avancer à la pointe;438 664 569
368;Gillet-Lacroix;l'art de rouler plus simplement;295 788 813
369;Evrard-Le Gall;la sécurité d'évoluer en toute sécurité;538 336 851
370;Marin-Lecoq;le confort de louer plus simplement;105 350 836
371;Hardy Inc;le pouvoir d'atteindre vos buts autrement;657 806 338
372;Renard Inc;la simplicité de changer plus facilement;534 213 655
373;Delorme Inc;le pouvoir d'avancer autrement;122 011 264
374;Maillot, Fernandez et Rey;l'art de louer de manière sûre;876 535 626
375;Valentin-Jourdan;la possibilité d'innover avant-tout;180 001 215
376;Cousin Group;l'assurance d'innover sans soucis;923 420 523
377;Duhamel, Descamps et Collin;le pouvoir de changer en toute sécurité;979 046 621
378;Barbe, Gregoire et Loiseau;le droit de changer de manière efficace;375 616 481
379;Adam-Deschamps;l'avantage d'avancer plus simplement;096 250 955
380;Pages, Jacquet et Courtois;le plaisir de concrétiser vos projets de manière efficace;149 743 835
381;Le Goff-Lucas;la possibilité d'innover avant-tout;572 784 120
382;Ferreira S.A.S.;la simplicité d'avancer en toute tranquilité;323 133 261
383;Marin-Didier;l'art de rouler plus facilement;241 722 045
384;Hernandez, Guilbert et Leveque;la simplicité d'avancer autrement;882 352 642
385;Philippe-Blin;le confort d'évoluer à sa source;810 341 975
386;Barbier-Pascal;la simplicité de louer à sa source;633 471 758
387;Philippe-Regnier;le plaisir d'avancer à la pointe;479 132 308
388;Letellier, Guichard et Leveque;la sécurité de rouler plus facilement;502 345 834
389;Guillon, Boucher et Hoarau;le pouvoir d'innover en toute sécurité;724 302 059
390;Michel, Robin et Laroche;le droit de louer autrement;084 965 585
391;Olivier, Blanchet et Prevost;la simplicité d'atteindre vos buts en toute tranquilité;587 698 321
392;Nicolas-Charrier;le confort de changer en toute tranquilité;297 091 970
393;Merle, Lefebvre et Guerin;le plaisir d'innover autrement;514 889 964
394;Weiss, Leclerc et Dupre;l'avantage de changer avant-tout;284 448 087
395;Pereira-Jourdan;le plaisir de rouler en toute sécurité;023 261 393
396;Giraud, Nguyen et Gilles;la liberté de concrétiser vos projets sans soucis;378 436 245
397;Bigot Group;l'art de changer sans soucis;216 630 535
398;Texier, Blin et Pereira;l'assurance d'évoluer à sa source;479 316 728
399;Levy-Bailly;le droit de rouler naturellement;417 693 179
400;Julien, Fontaine et Ferrand;le confort de concrétiser vos projets de manière efficace;284 789 710
401;Mallet, Bertin et Francois;la possibilité d'évoluer en toute sécurité;960 602 083
402;Michaud-Leger;la liberté d'atteindre vos buts à sa source;447 895 554
403;Bruneau LLC;le plaisir d'innover plus rapidement;732 821 793
404;Bernier-Rodrigues;le confort de concrétiser vos projets en toute sécurité;453 922 350
405;Faure, Petitjean et Morin;le droit de changer plus simplement;267 263 190
406;Delorme LLC;la sécurité d'avancer avant-tout;709 736 946
407;Gomes-Roche;la simplicité d'évoluer de manière efficace;393 786 164
408;Dupuy, Rocher et Breton;la simplicité de changer de manière efficace;564 645 928
409;Faivre, Blondel et Laurent;le plaisir de changer plus simplement;399 196 210
410;Herve, Traore et Remy;le pouvoir d'innover plus rapidement;196 330 076
411;Joubert-Goncalves;la simplicité de concrétiser vos projets en toute sécurité;147 251 747
412;Riviere SA;le confort d'innover sans soucis;875 697 116
413;Rocher, Normand et Thierry;le droit d'atteindre vos buts plus facilement;604 740 147
414;Bruneau S.A.R.L.;le plaisir d'évoluer en toute sécurité;574 852 636
415;Delmas-Marechal;le pouvoir de changer en toute tranquilité;134 656 571
416;Reynaud S.A.;la sécurité de louer naturellement;901 970 746
417;Samson, Toussaint et Germain;la liberté de concrétiser vos projets en toute sécurité;780 104 734
418;Cordier SA;la liberté d'avancer à la pointe;850 255 046
419;Dumas, Berger et Boulay;le pouvoir de louer sans soucis;893 196 732
420;Chauveau, Couturier et Vallee;la simplicité de rouler en toute sécurité;411 243 848
421;Arnaud-Dupre;la liberté d'évoluer plus simplement;524 627 860
422;Munoz, Brunet et Grondin;la possibilité d'atteindre vos buts naturellement;706 060 942
423;Lesage S.A.R.L.;la liberté d'innover à l'état pur;191 322 225
424;Fontaine, Bailly et Rousseau;la simplicité de rouler sans soucis;293 410 225
425;Hubert Group;la simplicité de louer sans soucis;665 431 378
426;Hardy, Dubois et Lamy;la sécurité d'atteindre vos buts avant-tout;226 276 186
427;Bourdon S.A.R.L.;la simplicité d'innover à la pointe;288 678 387
428;Mace-Dupont;le pouvoir d'atteindre vos buts autrement;428 962 349
429;Hardy-Gaudin;le droit d'innover en toute sécurité;604 516 004
430;Da Costa SARL;la simplicité de changer en toute tranquilité;304 191 825
431;Vallet-Blanc;le pouvoir de concrétiser vos projets naturellement;012 212 290
432;Evrard S.A.S.;l'art de louer à l'état pur;119 617 903
433;Coulon S.A.S.;la liberté d'évoluer naturellement;934 426 542
434;Lebreton S.A.S.;le plaisir de louer plus facilement;576 207 393
435;Teixeira-Bourgeois;le droit d'innover sans soucis;473 250 977
436;Leroy, Etienne et Daniel;la liberté d'atteindre vos buts plus simplement;521 912 303
437;Gay, Guillaume et Denis;la liberté d'innover avant-tout;773 884 083
438;Techer et Fils;le pouvoir d'évoluer avant-tout;252 525 844
439;Robert Group;le droit de louer en toute tranquilité;880 273 036
440;Rousseau, Dupuis et Gallet;le pouvoir d'avancer de manière sûre;459 122 508
441;Paul Inc;le plaisir de louer en toute sécurité;812 259 357
442;Descamps, Chevallier et Besnard;le pouvoir d'évoluer à l'état pur;285 011 200
443;Colin, Gauthier et Thibault;le plaisir d'innover en toute tranquilité;765 345 104
444;Chevalier et Fils;le plaisir de louer naturellement;295 093 933
445;Gerard, Boyer et Aubry;la possibilité de rouler plus simplement;254 226 599
446;Leleu et Fils;l'art d'avancer à la pointe;406 031 160
447;Texier Inc;la possibilité de concrétiser vos projets en toute sécurité;318 507 730
448;Launay Group;l'art de concrétiser vos projets à la pointe;755 324 566
449;Torres et Fils;l'art de changer sans soucis;612 559 098
450;De Oliveira-Lucas;l'avantage de changer autrement;432 068 962
451;Besson LLC;le pouvoir de concrétiser vos projets en toute tranquilité;815 606 990
452;Hebert, Schneider et Gaillard;la sécurité d'innover de manière sûre;413 955 545
453;Klein-Girard;le plaisir d'atteindre vos buts autrement;139 519 892
454;Roger, Renard et Texier;la simplicité de changer avant-tout;425 561 520
455;Marin, Carre et Ribeiro;la liberté de concrétiser vos projets de manière sûre;496 798 006
456;Marin-Lefevre;le confort d'atteindre vos buts en toute tranquilité;014 970 056
457;Pineau, Menard et Mallet;le plaisir de concrétiser vos projets en toute tranquilité;662 091 860
458;Leroux, Legros et Tanguy;la sécurité d'évoluer en toute sécurité;127 870 245
459;Perez, Girard et Gilbert;l'avantage d'évoluer à sa source;115 342 416
460;Salmon-Grenier;la sécurité d'évoluer de manière efficace;022 676 549
461;Boulanger S.A.S.;la sécurité de concrétiser vos projets plus rapidement;633 332 405
462;Da Silva et Fils;le droit de concrétiser vos projets à la pointe;501 624 439
463;Vincent, Laurent et Menard;le confort d'atteindre vos buts en toute tranquilité;354 800 197
464;Goncalves-Texier;l'art d'atteindre vos buts plus facilement;241 776 051
465;Paris-Pascal;la simplicité de concrétiser vos projets plus facilement;605 283 794
466;Tanguy S.A.R.L.;le plaisir d'avancer sans soucis;298 224 342
467;Aubert S.A.S.;l'avantage d'avancer autrement;442 981 078
468;De Sousa-Bertin;le plaisir de rouler sans soucis;058 142 101
469;Dupre-Rocher;la simplicité de rouler plus simplement;843 716 163
470;Normand-Laporte;le droit de concrétiser vos projets à sa source;810 128 311
471;Lecomte-Loiseau;la liberté d'avancer à sa source;539 164 800
472;Evrard-Diaz;le pouvoir d'atteindre vos buts en toute sécurité;447 890 044
473;Hubert S.A.R.L.;le plaisir d'atteindre vos buts autrement;637 864 009
474;Camus, Morvan et Valette;l'avantage de louer plus facilement;048 451 838
475;Carre, Toussaint et Gilles;le pouvoir de changer plus facilement;575 332 413
476;Lemaitre SARL;le confort de concrétiser vos projets avant-tout;854 726 265
477;Robin, Bonnet et Renaud;l'art de louer sans soucis;006 719 859
478;Schneider, Godard et Mallet;le plaisir de louer en toute sécurité;880 052 102
479;Laurent, Pires et Couturier;l'avantage d'évoluer en toute sécurité;800 018 612
480;Joly, Hoarau et Chartier;l'avantage de louer plus facilement;667 302 726
481;Chauvet, Fernandez et Hernandez;la simplicité d'évoluer plus rapidement;496 107 900
482;Leconte, Martinez et Allard;la simplicité d'atteindre vos buts de manière sûre;988 885 888
483;Carpentier, Rossi et Martins;le confort d'innover plus simplement;455 624 024
484;Teixeira, Bouchet et Lamy;l'assurance d'évoluer plus rapidement;060 341 921
485;Baron LLC;le plaisir d'avancer à sa source;959 131 662
486;Goncalves, Costa et Guyon;l'assurance de changer à l'état pur;472 735 789
487;Buisson, Samson et Millet;l'assurance de louer avant-tout;025 792 416
488;Prevost LLC;la liberté de concrétiser vos projets de manière sûre;840 580 181
489;Barthelemy S.A.;le droit d'atteindre vos buts en toute tranquilité;320 829 581
490;Duhamel-Moulin;le pouvoir de louer sans soucis;442 736 539
491;Ollivier, Gaillard et Bonneau;le pouvoir d'innover plus rapidement;366 787 069
492;Raynaud, Fernandes et Cordier;le plaisir d'innover autrement;272 637 295
493;Maillet, Dumont et Traore;la sécurité d'atteindre vos buts plus simplement;839 175 984
494;Duval S.A.R.L.;l'art de rouler à la pointe;615 834 989
495;Fouquet S.A.R.L.;la sécurité de changer plus facilement;792 623 645
496;Vaillant et Fils;l'assurance d'innover naturellement;840 444 742
497;Delorme, Couturier et Garnier;le droit d'évoluer plus simplement;928 390 826
498;Pires-Thomas;la liberté d'innover de manière sûre;362 891 133
499;Vincent S.A.R.L.;le plaisir de louer plus facilement;943 793 574
500;Lebon Group;le plaisir de concrétiser vos projets autrement;361 767 004
501;Chauveau Inc;l'assurance d'innover plus facilement;209 499 524
502;Roy-Marie;l'avantage de louer de manière sûre;810 980 866
503;Wagner-Navarro;le plaisir d'atteindre vos buts autrement;730 408 097
504;Pinto-Schmitt;l'avantage d'avancer sans soucis;941 646 812
505;Imbert Inc;l'art de louer sans soucis;891 970 453
506;Roux-Barbe;la liberté de louer plus rapidement;099 882 393
507;Dos Santos-Duhamel;le plaisir d'innover plus facilement;924 621 641
508;Marin Group;la sécurité d'évoluer en toute tranquilité;953 170 517
509;Baudry-Fontaine;la liberté d'innover à sa source;924 683 151
510;Vincent-Foucher;la liberté de louer à sa source;476 443 942
511;Bouvet, Tanguy et Regnier;la simplicité de louer plus rapidement;907 469 603
512;Thomas et Fils;l'art d'atteindre vos buts autrement;809 988 786
513;Laroche, Philippe et Lopes;la possibilité d'avancer à l'état pur;454 070 471
514;Nguyen-Gonzalez;la simplicité de rouler avant-tout;281 939 914
515;Ribeiro Group;le confort de concrétiser vos projets à la pointe;504 352 811
516;Normand LLC;l'assurance d'atteindre vos buts plus facilement;410 580 354
517;Goncalves LLC;l'assurance d'évoluer avant-tout;768 437 823
518;Marin SARL;le pouvoir d'innover naturellement;678 596 027
519;Thomas, Fouquet et Guibert;la simplicité de louer à l'état pur;064 501 716
520;Blin, Vidal et Bodin;l'assurance de concrétiser vos projets plus simplement;439 178 171
521;Lefort-Boutin;l'avantage de concrétiser vos projets plus simplement;172 053 649
522;Laroche-Boulanger;le droit d'avancer en toute sécurité;084 396 634
523;Lenoir, Martins et Moreau;l'art de changer naturellement;256 428 346
524;Merle Group;la simplicité de changer sans soucis;788 895 498
525;Albert SA;l'avantage de louer en toute tranquilité;651 524 079
526;Martineau-Baron;la liberté d'innover à l'état pur;584 494 892
527;Herve SARL;l'art d'avancer à sa source;521 738 162
528;Gomez, Robert et Marty;l'art de changer plus facilement;398 808 770
529;Fournier SA;la simplicité de rouler de manière efficace;187 558 655
530;Durand, Le Roux et Laporte;la liberté de rouler plus facilement;569 561 033
531;Marchand-Michaud;le droit de changer sans soucis;364 138 695
532;Richard-Le Goff;l'assurance d'avancer en toute sécurité;873 075 728
533;Ribeiro-Bertrand;la liberté de rouler en toute sécurité;227 471 615
534;Martin SA;la sécurité de concrétiser vos projets sans soucis;914 402 155
535;Diallo-Delahaye;la simplicité de rouler sans soucis;964 838 579
536;Traore, Delattre et Lenoir;le pouvoir d'innover plus rapidement;012 822 620
537;Dupuy, De Oliveira et Guillot;le droit de rouler en toute tranquilité;047 097 338
538;Leroy S.A.;le confort d'innover à sa source;118 860 951
539;Chauvet, Guibert et Humbert;l'avantage de changer à l'état pur;624 488 206
540;Royer, Grenier et Fleury;la possibilité de rouler de manière sûre;442 071 663
541;Barthelemy, Robin et Bonnin;l'assurance de louer plus facilement;976 685 037
542;Mercier SARL;la simplicité d'avancer de manière sûre;074 627 607
543;Foucher-Humbert;le confort d'évoluer plus simplement;135 256 502
544;Guillou-Legros;la sécurité de concrétiser vos projets de manière sûre;453 588 318
545;Bourdon-Hardy;l'assurance de changer plus rapidement;323 528 585
546;Gosselin, Adam et Riou;le droit de concrétiser vos projets autrement;534 873 185
547;Rossi, Jacquot et Poulain;l'avantage d'atteindre vos buts en toute sécurité;422 409 839
548;Lelievre SA;l'avantage d'avancer de manière sûre;114 990 859
549;Schmitt-Martins;le droit d'évoluer plus facilement;839 961 475
550;Ruiz-Alves;le droit de concrétiser vos projets en toute tranquilité;323 178 896
551;Diaz, Pages et Bailly;la possibilité d'évoluer à l'état pur;302 491 293
552;Ledoux LLC;le plaisir de concrétiser vos projets plus facilement;270 983 678
553;Lefevre, David et Philippe;le plaisir d'innover plus facilement;819 048 239
554;Hamon-Descamps;le droit de louer en toute sécurité;689 335 994
555;Lemoine Inc;la simplicité de louer à l'état pur;412 100 011
556;Fleury-Dias;le droit de louer sans soucis;173 025 906
557;Nicolas, Bourdon et Lecoq;l'avantage d'évoluer autrement;136 723 436
558;Leclercq S.A.;l'art de concrétiser vos projets naturellement;380 410 277
559;Diaz-Couturier;l'art d'avancer autrement;785 300 587
560;Hamel-Thomas;la simplicité de louer en toute tranquilité;223 554 633
561;Delaunay-Brunet;l'art d'atteindre vos buts de manière sûre;818 417 517
562;Henry S.A.;la sécurité d'avancer plus facilement;251 965 171
563;Lemoine Group;l'assurance d'avancer naturellement;603 078 427
564;Fournier-Voisin;l'art de concrétiser vos projets plus simplement;834 331 471
565;Meunier SARL;l'assurance de louer à l'état pur;035 430 810
566;Pineau, Perez et Bonnet;la possibilité d'innover de manière efficace;352 163 266
567;Masse SA;l'assurance de louer de manière sûre;415 447 934
568;Lelievre-Turpin;le pouvoir d'évoluer avant-tout;337 906 005
569;Boucher, Dos Santos et Auger;la simplicité d'avancer à sa source;070 704 253
570;Schneider, Fontaine et Poulain;l'assurance d'innover plus rapidement;139 101 659
571;Pereira SARL;l'assurance d'évoluer de manière efficace;222 282 433
572;Bouvet, Munoz et Laroche;le confort d'atteindre vos buts autrement;574 207 646
573;Dumas, Gallet et Robin;la possibilité de concrétiser vos projets en toute sécurité;323 608 676
574;Allard-Francois;le pouvoir d'innover plus simplement;537 313 493
575;Pinto et Fils;l'avantage d'avancer à la pointe;063 441 373
576;Leveque S.A.S.;le pouvoir d'évoluer plus simplement;140 888 808
577;Laine-Hebert;l'assurance d'avancer en toute tranquilité;982 189 759
578;Courtois-Le Goff;le pouvoir d'évoluer à sa source;706 991 179
579;Legrand-Fouquet;la liberté d'innover à la pointe;834 051 060
580;Benard Group;l'avantage d'innover en toute sécurité;348 301 668
581;Navarro-Teixeira;le plaisir d'avancer à la pointe;661 727 144
582;David-Dupuy;le droit de changer à la pointe;076 348 135
583;Dos Santos LLC;la sécurité de changer plus facilement;445 349 012
584;Chartier, Germain et Lombard;le droit de changer à l'état pur;387 013 430
585;Richard S.A.R.L.;la liberté d'évoluer plus rapidement;415 031 325
586;Grenier, Peron et Lemaire;le pouvoir de changer à sa source;702 243 476
587;Dumont S.A.S.;la liberté de rouler plus rapidement;648 898 746
588;Hoareau-Guillaume;la simplicité d'atteindre vos buts avant-tout;273 546 183
589;Poulain LLC;la liberté de changer autrement;539 721 663
590;Perrier-Julien;l'assurance d'innover de manière sûre;956 888 873
591;Lacombe, Legendre et Renard;le plaisir de concrétiser vos projets avant-tout;082 491 596
592;Chauvet, Fischer et Leger;l'assurance d'atteindre vos buts naturellement;941 857 436
593;Parent, Berger et Boulay;le confort d'innover plus simplement;979 200 546
594;Berthelot-Delaunay;le pouvoir d'atteindre vos buts avant-tout;244 725 987
595;Chartier SA;l'art d'avancer de manière sûre;736 782 739
596;Mathieu Inc;le plaisir de louer à l'état pur;187 855 390
597;Merle LLC;la simplicité de louer de manière sûre;434 055 727
598;Benard, Gimenez et Laurent;l'assurance d'avancer plus simplement;321 636 247
599;Perez, Vasseur et Costa;le confort de louer autrement;557 470 126
600;Bonneau-Didier;la simplicité de changer à l'état pur;203 520 450
601;Meyer, Diaz et Lambert;la liberté d'innover à l'état pur;336 596 934
602;Paul et Fils;la sécurité de concrétiser vos projets plus rapidement;107 589 919
603;Hamon, Gosselin et Mathieu;la possibilité de louer autrement;320 551 711
604;Gros-Rolland;l'avantage d'avancer en toute tranquilité;702 685 290
605;Lenoir S.A.;la liberté de concrétiser vos projets plus rapidement;215 150 209
606;Techer Group;l'avantage de louer sans soucis;034 657 120
607;Mahe LLC;le pouvoir de louer plus simplement;148 234 840
608;Sauvage-Tanguy;l'assurance d'innover en toute sécurité;459 193 125
609;Munoz Inc;la simplicité de concrétiser vos projets à la pointe;788 939 291
610;Aubry S.A.;le plaisir de rouler autrement;057 541 879
611;Legros-Marchal;la possibilité de concrétiser vos projets plus simplement;406 004 342
612;Delaunay SA;l'avantage d'avancer de manière efficace;844 354 516
613;Bazin, Pineau et Garnier;le confort de changer autrement;628 344 805
614;Bazin-Da Silva;l'avantage de concrétiser vos projets avant-tout;909 703 597
615;Rocher Group;l'avantage de concrétiser vos projets autrement;733 019 461
616;Bertin-Clerc;l'avantage de rouler plus facilement;739 960 221
617;Herve Group;la liberté de changer à sa source;384 628 834
618;Lacombe-Lebreton;le droit de changer de manière efficace;229 142 342
619;Dupuis, Da Silva et Le Gall;le droit d'avancer à la pointe;555 689 787
620;Mathieu-Vidal;la sécurité d'innover plus facilement;228 905 920
621;Gomes-Pages;la possibilité de changer à sa source;694 952 337
622;Martin Group;le plaisir d'évoluer avant-tout;157 634 249
623;Potier Inc;le confort de concrétiser vos projets de manière efficace;220 121 821
624;Valentin, Vincent et Letellier;l'avantage de rouler en toute sécurité;627 651 701
625;Sauvage-Gallet;la possibilité d'évoluer de manière sûre;527 490 753
626;Schmitt-Fernandez;l'avantage de rouler de manière efficace;002 484 755
627;Blanchet, Muller et Leveque;la sécurité de concrétiser vos projets en toute tranquilité;198 674 229
628;Bourdon, Verdier et Toussaint;la liberté de changer plus simplement;070 087 425
629;Valentin S.A.S.;la liberté de concrétiser vos projets plus simplement;252 707 192
630;Carpentier et Fils;la sécurité de concrétiser vos projets plus simplement;806 304 239
631;Aubry, Moulin et Techer;la possibilité d'évoluer de manière sûre;757 545 402
632;Perez LLC;l'art de concrétiser vos projets de manière efficace;213 540 820
633;Bonnin Inc;l'assurance d'avancer en toute tranquilité;957 611 544
634;Caron-Rousset;la liberté de concrétiser vos projets sans soucis;981 050 507
635;Collet S.A.S.;la sécurité de rouler sans soucis;257 620 869
636;Besson-Valette;le confort d'innover à sa source;261 838 529
637;Riou, Martins et Courtois;la sécurité de concrétiser vos projets avant-tout;050 460 051
638;Guerin S.A.S.;l'art d'innover plus simplement;262 857 601
639;Fischer, Bouvet et Roux;le confort d'évoluer de manière efficace;418 275 958
640;Hebert, Texier et Parent;la simplicité de changer à l'état pur;173 223 546
641;Faivre S.A.S.;le pouvoir d'avancer plus simplement;928 868 940
642;Paul, Weiss et Jacob;la liberté d'avancer plus simplement;673 773 558
643;Grondin-Rousset;le confort d'évoluer de manière sûre;625 969 711
644;Marin-Petit;l'avantage d'atteindre vos buts de manière efficace;627 348 283
645;Valentin-Bonneau;la simplicité d'innover plus rapidement;252 052 956
646;Bernard-Da Costa;le droit de changer plus rapidement;781 966 667
647;Laporte-Bouvier;le droit de rouler autrement;149 585 512
648;Gautier, Rousset et Auger;l'art d'innover avant-tout;208 920 599
649;Blanchet, Leclerc et Lemaire;l'avantage d'innover à la pointe;215 170 491
650;Rolland SARL;le pouvoir de louer à la pointe;701 482 352
651;Legendre-Vaillant;l'assurance de louer à sa source;041 025 879
652;Leleu, Colin et Bouchet;le pouvoir d'atteindre vos buts autrement;311 349 585
653;Chauveau et Fils;le droit de louer plus simplement;974 005 006
654;Arnaud, Pasquier et Barthelemy;la liberté d'atteindre vos buts autrement;630 829 929
655;Dias-Potier;le plaisir de rouler plus rapidement;052 318 019
656;Neveu, Vidal et Imbert;l'avantage de rouler à sa source;893 363 320
657;Maillet-Charles;la liberté d'avancer à la pointe;235 521 525
658;Pages LLC;l'art d'avancer sans soucis;036 860 097
659;Barre S.A.R.L.;la simplicité de rouler à l'état pur;176 566 558
660;Blanc, Monnier et Riviere;la simplicité de concrétiser vos projets naturellement;045 049 286
661;Adam SARL;le droit d'avancer à l'état pur;834 151 873
662;Pottier-Peron;la sécurité d'évoluer plus rapidement;405 803 330
663;Coste-Labbe;la sécurité de changer plus facilement;357 558 687
664;Letellier-De Oliveira;l'assurance de concrétiser vos projets plus facilement;688 407 355
665;Vallee S.A.;la possibilité d'évoluer plus simplement;215 512 700
666;Morvan, Allard et Delaunay;le plaisir d'avancer à sa source;724 930 379
667;Perret-Durand;le plaisir de rouler à la pointe;470 240 530
668;Antoine, Carpentier et Delannoy;le droit de concrétiser vos projets naturellement;733 365 419
669;Foucher SA;la sécurité d'avancer de manière sûre;488 180 373
670;Simon-Sanchez;la possibilité d'atteindre vos buts à sa source;963 719 338
671;Raymond, Brun et Moreno;la simplicité d'évoluer avant-tout;450 162 178
672;Labbe, Robert et Delahaye;le confort de changer sans soucis;776 833 258
673;Lacroix-Gregoire;la liberté de concrétiser vos projets plus facilement;544 248 122
674;Leroy et Fils;la sécurité d'innover plus facilement;650 848 121
675;Boulay SARL;la possibilité d'atteindre vos buts à sa source;734 435 533
676;Delahaye, Auger et Voisin;la liberté de concrétiser vos projets avant-tout;603 144 661
677;Buisson Group;le droit de changer à la pointe;618 647 290
678;Lemonnier et Fils;l'assurance d'avancer plus facilement;679 011 819
679;Mahe-De Sousa;le confort de rouler de manière efficace;780 593 630
680;Lopez, Delannoy et Hubert;le confort de louer autrement;780 432 177
681;Gaudin, Lelievre et Techer;le pouvoir de louer à sa source;735 049 592
682;Hoarau et Fils;l'assurance d'avancer plus simplement;858 032 152
683;Caron SARL;la possibilité d'atteindre vos buts plus facilement;583 525 493
684;Gaillard Group;l'avantage d'atteindre vos buts à l'état pur;796 254 102
685;Voisin et Fils;la sécurité de changer autrement;507 175 378
686;Durand Inc;le droit d'évoluer sans soucis;981 178 032
687;Barthelemy-Tanguy;le droit d'innover à l'état pur;804 868 034
688;Langlois, Poulain et Gillet;la sécurité de rouler de manière sûre;344 279 921
689;Pelletier, Laurent et Dijoux;le confort d'évoluer de manière sûre;402 096 298
690;Julien, Joly et Vaillant;le pouvoir d'innover sans soucis;079 591 796
691;Jacob Inc;l'assurance d'évoluer sans soucis;108 325 533
692;Verdier, Faivre et Dupuy;la simplicité d'évoluer sans soucis;104 310 795
693;Denis, Duhamel et Riou;l'avantage de louer de manière sûre;871 123 045
694;Pierre et Fils;l'assurance d'atteindre vos buts plus facilement;688 182 053
695;Vasseur-Leroux;la possibilité d'innover plus rapidement;589 955 403
696;Sauvage Inc;le confort de louer à sa source;791 345 400
697;Marchand Inc;la liberté d'avancer avant-tout;161 438 670
698;Jacquet Group;le plaisir d'innover en toute sécurité;962 175 916
699;Leveque-Hamel;la possibilité de changer avant-tout;298 339 457
700;Chauvin, Vaillant et Vallet;le plaisir de changer à sa source;821 674 482
701;Briand S.A.R.L.;l'assurance d'atteindre vos buts plus rapidement;453 132 813
702;Petit-Valette;l'avantage d'avancer plus rapidement;577 361 117
703;Leduc-Maillet;l'assurance d'atteindre vos buts en toute tranquilité;163 308 552
704;Grenier, Chauvet et Picard;l'avantage de louer de manière sûre;049 789 324
705;Rodrigues, Rey et Boulanger;le pouvoir de rouler sans soucis;369 645 422
706;Navarro-Delahaye;le plaisir d'atteindre vos buts en toute tranquilité;799 560 650
707;Denis-Perrot;la possibilité de louer avant-tout;508 271 237
708;Nguyen Inc;le pouvoir d'innover à la pointe;060 198 245
709;Aubry S.A.R.L.;la simplicité de rouler à l'état pur;849 680 164
710;Bouvier-Leduc;le droit de louer naturellement;228 765 454
711;Charles, Lacroix et Techer;la sécurité d'atteindre vos buts avant-tout;936 112 656
712;Bertrand, Fabre et Vallee;le droit d'atteindre vos buts sans soucis;204 973 036
713;Richard Inc;le pouvoir de rouler sans soucis;504 245 883
714;Camus SARL;le confort d'innover à sa source;272 604 908
715;Schneider, Georges et Barbe;l'assurance d'avancer avant-tout;860 648 187
716;Blin S.A.;la liberté d'évoluer de manière sûre;605 038 643
717;Guillot S.A.S.;la possibilité de rouler en toute sécurité;502 806 828
718;Alexandre, Giraud et Leroy;l'art de louer autrement;350 306 525
719;Pons-Gilbert;l'assurance d'évoluer en toute tranquilité;863 379 538
720;Laporte, Martel et Guibert;le confort de changer avant-tout;614 717 945
721;Marchand S.A.R.L.;le plaisir d'évoluer plus simplement;375 140 454
722;Dos Santos-Gomes;l'assurance de rouler de manière efficace;502 034 829
723;Bertrand SARL;l'art d'atteindre vos buts à la pointe;553 996 757
724;Le Gall et Fils;le droit de concrétiser vos projets plus facilement;751 659 040
725;Briand, Rousseau et Jean;le pouvoir d'atteindre vos buts naturellement;242 254 236
726;Bouvier, Gauthier et Marchal;l'assurance d'atteindre vos buts à la pointe;444 562 358
727;Lefevre, Goncalves et Hamon;le confort d'innover plus rapidement;298 952 486
728;Etienne Group;la sécurité d'atteindre vos buts à la pointe;015 897 215
729;Maillot-Thomas;le confort d'atteindre vos buts autrement;970 394 022
730;Thomas SARL;le droit d'atteindre vos buts de manière sûre;406 036 740
731;Fournier LLC;le pouvoir d'atteindre vos buts avant-tout;785 150 057
732;Ledoux, Sauvage et Adam;la possibilité de rouler en toute sécurité;428 982 188
733;Louis, Samson et Besnard;l'avantage d'innover sans soucis;603 051 165
734;Valette-Berger;le pouvoir d'évoluer de manière sûre;285 125 312
735;Colas-Blanc;la sécurité d'innover plus simplement;083 232 138
736;Robert, Gauthier et Ferreira;la liberté d'atteindre vos buts autrement;443 450 999
737;Prevost S.A.S.;la sécurité d'avancer plus simplement;842 393 730
738;Jean, Rodrigues et Gosselin;le plaisir de changer naturellement;107 923 964
739;Lacombe-Ollivier;l'avantage de concrétiser vos projets en toute sécurité;749 714 337
740;Rey S.A.S.;le plaisir de concrétiser vos projets plus rapidement;934 749 481
741;Peltier-Legrand;l'assurance de louer en toute sécurité;818 990 825
742;Vallet SA;l'assurance d'innover plus facilement;731 333 816
743;Alves S.A.;la possibilité de concrétiser vos projets plus rapidement;733 646 549
744;Pruvost, Rodriguez et Perez;l'assurance de concrétiser vos projets autrement;194 498 162
745;Jacob, Dupuis et Barthelemy;le plaisir d'évoluer de manière sûre;268 924 064
746;Bertin Inc;le droit d'innover à l'état pur;291 197 525
747;Dumas-Gay;le pouvoir d'avancer avant-tout;535 987 910
748;Verdier LLC;l'avantage de changer à la pointe;604 947 869
749;Girard-Parent;la sécurité de rouler naturellement;906 553 005
750;Bruneau Inc;la simplicité de louer en toute sécurité;866 794 878
751;Antoine-Diaz;le droit de concrétiser vos projets à sa source;393 523 724
752;Hoareau-Martin;la liberté de rouler de manière sûre;104 366 325
753;Guyon Group;la possibilité d'atteindre vos buts sans soucis;821 585 973
754;Mercier SARL;le confort de changer de manière sûre;277 367 103
755;Robin Group;l'assurance d'atteindre vos buts à l'état pur;036 565 962
756;Thomas, Gonzalez et Picard;le pouvoir de changer à sa source;140 639 628
757;Lebon-Hubert;la sécurité d'atteindre vos buts à la pointe;869 827 573
758;Voisin S.A.;l'art d'innover en toute sécurité;273 661 360
759;Lemaitre-Vasseur;l'avantage d'évoluer à sa source;979 210 178
760;Morvan-Sanchez;la possibilité de rouler de manière efficace;794 439 355
761;Blin S.A.S.;le pouvoir d'atteindre vos buts plus rapidement;598 677 254
762;Leconte LLC;le pouvoir d'évoluer à l'état pur;067 729 089
763;Payet SARL;la possibilité de changer sans soucis;995 374 491
764;Girard, Michaud et Gilles;l'avantage de rouler naturellement;667 587 792
765;Martineau S.A.;le droit de concrétiser vos projets à sa source;194 078 828
766;Prevost-Lelievre;le plaisir de changer à l'état pur;837 423 665
767;Vidal Group;la simplicité d'innover plus rapidement;920 003 425
768;Benard SA;l'art d'évoluer autrement;030 272 085
769;Courtois, Schmitt et Moulin;le confort de louer de manière sûre;311 075 302
770;Boyer-Bourgeois;le pouvoir d'évoluer en toute sécurité;528 341 555
771;Pereira S.A.R.L.;la possibilité de louer de manière sûre;277 155 391
772;Charles Inc;l'assurance d'atteindre vos buts plus rapidement;314 267 483
773;Ledoux, Menard et Pascal;le confort d'innover de manière sûre;501 517 029
774;Vincent, Pierre et Perrin;l'avantage de rouler plus simplement;290 256 837
775;Bouvet-Maillard;la sécurité de louer avant-tout;851 235 446
776;Meunier Group;le pouvoir d'évoluer plus facilement;204 726 113
777;Delahaye-Guillet;l'art d'évoluer sans soucis;033 007 190
778;Gros, Lemoine et Dumont;la sécurité d'évoluer plus simplement;639 582 766
779;Renaud, Delannoy et Boyer;le pouvoir de changer à l'état pur;116 993 180
780;Ramos LLC;le confort de changer autrement;679 303 423
781;Laurent, Roche et Girard;l'art d'avancer naturellement;125 693 908
782;Joseph et Fils;le confort d'évoluer à l'état pur;844 204 897
783;Guerin SA;l'assurance d'atteindre vos buts à la pointe;738 453 416
784;Jacquot, Bourdon et Jacques;la sécurité d'innover sans soucis;182 149 786
785;Antoine Inc;l'art de rouler sans soucis;447 130 441
786;Perret, Meunier et Launay;le pouvoir de concrétiser vos projets de manière sûre;667 619 112
787;Marin LLC;le plaisir de changer à l'état pur;968 299 765
788;Antoine-Lopez;la liberté de louer de manière sûre;991 515 411
789;Dubois, Fournier et Rodriguez;la simplicité de changer plus simplement;552 918 395
790;Julien, Guillaume et Briand;l'art d'évoluer naturellement;906 534 513
791;Carpentier, Michel et Mathieu;la sécurité de changer plus facilement;572 823 365
792;Garnier, Guyon et Valette;la possibilité d'atteindre vos buts à la pointe;773 400 527
793;Gomez-Mathieu;l'assurance d'avancer en toute sécurité;973 873 481
794;Torres, Collin et Dumas;la possibilité d'évoluer naturellement;737 269 123
795;Rodriguez, Lecomte et Rodriguez;la possibilité d'évoluer avant-tout;808 785 817
796;Faivre S.A.R.L.;la sécurité de concrétiser vos projets plus rapidement;139 407 422
797;Guillaume, Fernandez et Simon;le pouvoir de concrétiser vos projets de manière efficace;590 887 983
798;Poirier S.A.S.;l'avantage d'avancer de manière sûre;902 576 347
799;Albert, Louis et Lejeune;la sécurité d'évoluer en toute sécurité;393 521 966
800;Gosselin, Rey et Charles;l'art d'innover autrement;573 870 692
801;Meyer-Blanc;le confort d'atteindre vos buts à sa source;400 729 556
802;Gros SARL;l'art de rouler en toute tranquilité;443 275 957
803;Brunet-Marchand;la possibilité d'atteindre vos buts plus facilement;763 469 360
804;Valette-Muller;le confort d'évoluer autrement;912 993 221
805;Delmas S.A.R.L.;la simplicité d'avancer naturellement;228 046 159
806;Tessier-Menard;l'assurance de concrétiser vos projets à l'état pur;900 002 885
807;Da Silva-Carpentier;la possibilité d'évoluer en toute tranquilité;833 587 283
808;Blot S.A.S.;le droit d'atteindre vos buts plus simplement;203 588 799
809;Payet, Hoarau et Auger;le plaisir d'évoluer sans soucis;198 642 097
810;Brun, Guillou et Chevalier;le confort d'avancer à sa source;882 791 606
811;Vaillant, Delattre et Barbe;la possibilité d'innover à sa source;851 009 083
812;David-Foucher;l'art de louer plus rapidement;530 484 119
813;Weber, Martin et Letellier;la liberté de concrétiser vos projets à l'état pur;955 120 619
814;Renault-Garcia;la sécurité de louer sans soucis;058 341 107
815;Loiseau SARL;le confort de rouler avant-tout;352 050 503
816;Pineau-Gomez;le confort d'avancer à sa source;439 587 483
817;Caron, Ferrand et Maillard;l'art d'avancer en toute sécurité;451 999 174
818;Renault, Aubert et Schneider;la liberté de concrétiser vos projets de manière efficace;880 803 266
819;Legendre-Germain;le confort d'avancer autrement;110 631 182
820;Munoz S.A.S.;le pouvoir de louer sans soucis;122 577 412
821;Hardy, Thomas et Moulin;le confort d'innover en toute sécurité;678 250 435
822;Turpin, Chevalier et Olivier;la sécurité d'avancer avant-tout;440 043 955
823;Laurent S.A.;la sécurité de changer à l'état pur;071 925 890
824;Pascal, Marchand et Berthelot;l'assurance d'évoluer plus simplement;856 561 615
825;Bourgeois-Royer;la possibilité de changer à l'état pur;274 216 725
826;Perret, Weiss et Pineau;l'art d'avancer plus facilement;841 653 788
827;Alexandre-Brun;la sécurité de concrétiser vos projets en toute sécurité;711 207 674
828;Remy, Humbert et Berthelot;la simplicité de changer plus rapidement;168 015 246
829;Marty LLC;le confort de concrétiser vos projets sans soucis;117 090 357
830;Gilbert SA;le confort de rouler à la pointe;800 134 331
831;Chauveau, Pascal et Costa;la possibilité d'innover plus facilement;327 911 565
832;Buisson Group;le confort d'avancer naturellement;079 606 326
833;Poirier-Lemaitre;l'art de concrétiser vos projets plus facilement;591 425 164
834;Devaux, Da Silva et Fleury;le droit de rouler à sa source;823 614 394
835;Diaz, Baudry et Pottier;l'avantage de rouler à sa source;656 848 978
836;Richard S.A.S.;l'assurance d'atteindre vos buts à la pointe;137 320 675
837;Robert-Bousquet;le confort d'avancer à la pointe;000 258 205
838;Delattre, Roger et Dijoux;la sécurité d'avancer plus rapidement;520 738 075
839;Vallee, Rey et Pereira;le plaisir de rouler de manière efficace;906 618 103
840;Breton-Lacroix;la possibilité d'évoluer de manière sûre;699 334 792
841;Guillot, Torres et Fischer;l'art de changer sans soucis;979 303 458
842;Da Costa Inc;l'avantage d'évoluer de manière sûre;743 664 105
843;Perez S.A.;le pouvoir d'avancer à sa source;964 970 537
844;Robert S.A.;la sécurité d'innover de manière sûre;036 262 739
845;Ramos, Pruvost et Pelletier;le plaisir de rouler avant-tout;909 508 856
846;Rousseau S.A.R.L.;l'avantage de changer de manière sûre;182 834 933
847;Martel-Hoareau;la sécurité de changer en toute tranquilité;379 574 998
848;Lelievre SARL;l'art d'atteindre vos buts autrement;100 250 332
849;Guillaume, Prevost et Collin;le droit d'atteindre vos buts de manière sûre;753 948 775
850;Foucher-Durand;le plaisir de changer plus rapidement;981 121 996
851;Perrin S.A.R.L.;la sécurité d'avancer en toute tranquilité;022 206 211
852;Adam, Weber et Jacques;la possibilité d'évoluer plus facilement;515 244 376
853;Guillou-Leclercq;le plaisir d'atteindre vos buts naturellement;774 084 890
854;Maillet S.A.;l'art d'avancer en toute sécurité;382 700 743
855;Gilles, Gonzalez et Gosselin;l'art d'évoluer à la pointe;930 940 314
856;Lejeune S.A.R.L.;la liberté de louer à la pointe;544 686 027
857;Georges-Monnier;le plaisir de rouler en toute tranquilité;911 975 092
858;Roger-Perrot;le pouvoir d'atteindre vos buts naturellement;120 480 891
859;Teixeira Group;l'art d'atteindre vos buts avant-tout;690 897 783
860;Jacquet, Descamps et Garnier;le pouvoir de changer naturellement;486 449 670
861;Texier, Gaillard et Besson;l'avantage de rouler en toute sécurité;856 615 920
862;Baudry-Texier;l'avantage d'évoluer avant-tout;756 756 555
863;Leconte SARL;la possibilité d'atteindre vos buts autrement;564 948 768
864;Lesage S.A.R.L.;le pouvoir d'innover en toute tranquilité;412 285 052
865;Renault LLC;le droit de concrétiser vos projets en toute tranquilité;075 643 542
866;Rousseau, Begue et Bousquet;la sécurité d'avancer plus simplement;541 376 947
867;Muller Inc;l'art de rouler à sa source;034 353 119
868;Fournier S.A.;le confort d'évoluer autrement;800 688 760
869;Besson Group;la simplicité d'innover plus facilement;934 839 984
870;Millet, Gaudin et Boutin;l'assurance d'évoluer à sa source;009 637 466
871;Descamps LLC;l'assurance d'avancer en toute sécurité;757 322 871
872;Perrot, Carpentier et Deschamps;le plaisir de concrétiser vos projets sans soucis;542 883 543
873;Aubert-Diallo;la sécurité d'atteindre vos buts sans soucis;381 761 463
874;Fernandez-Bourgeois;l'assurance de rouler avant-tout;242 175 502
875;Rocher, Hamon et Noel;l'art d'évoluer à l'état pur;743 583 598
876;Blanc SARL;le droit de concrétiser vos projets plus simplement;581 256 473
877;Levy, Lenoir et Couturier;le plaisir d'avancer plus facilement;661 314 307
878;Faivre S.A.S.;le pouvoir d'atteindre vos buts plus facilement;899 530 866
879;Traore S.A.S.;la sécurité d'évoluer plus simplement;134 173 743
880;Chartier, Olivier et Merle;le pouvoir d'atteindre vos buts en toute sécurité;599 743 436
881;Seguin-Tessier;la simplicité d'avancer à sa source;352 843 929
882;Martel Inc;le droit d'atteindre vos buts plus simplement;764 679 685
883;Techer-Francois;le droit de louer naturellement;515 363 000
884;Rousseau-Paul;l'avantage d'avancer à sa source;007 856 072
885;Techer-Lopez;l'assurance de rouler naturellement;664 573 758
886;Marques, De Sousa et Ferrand;l'art de louer avant-tout;373 492 304
887;Robert SARL;la sécurité d'évoluer en toute sécurité;813 784 856
888;Dos Santos S.A.;le plaisir d'évoluer en toute tranquilité;824 126 758
889;Chevallier-Guillon;le confort d'atteindre vos buts à l'état pur;953 048 331
890;Garcia S.A.S.;la liberté d'évoluer plus facilement;522 409 271
891;Lagarde, Michel et David;le confort d'évoluer plus simplement;894 372 780
892;Rousset Inc;le plaisir de changer plus facilement;168 682 907
893;Lenoir-Roy;la sécurité de changer à l'état pur;835 596 226
894;Voisin, Garnier et Henry;le pouvoir d'atteindre vos buts de manière sûre;955 480 169
895;Blanchard-De Oliveira;le droit d'avancer à sa source;867 816 263
896;Camus, Thomas et Petit;la simplicité d'évoluer à l'état pur;287 678 766
897;Guibert, Chauvin et Roux;le confort de louer à sa source;511 511 638
898;Maillet-Hebert;la simplicité de louer sans soucis;823 249 883
899;Gros, Gilles et Turpin;l'art d'évoluer naturellement;340 552 738
900;Costa Inc;la sécurité d'innover à sa source;722 868 524
901;Noel, Masse et Couturier;l'art d'atteindre vos buts en toute sécurité;578 221 043
902;Brunet, Clerc et Arnaud;le droit de rouler autrement;401 708 237
903;Costa S.A.;le plaisir d'innover à l'état pur;155 976 059
904;Costa SARL;l'avantage de concrétiser vos projets avant-tout;957 019 777
905;Fernandez LLC;le plaisir de louer plus rapidement;006 235 863
906;Barbier S.A.;l'assurance de rouler plus facilement;733 455 791
907;Gautier-Leger;la liberté d'avancer avant-tout;783 269 637
908;Perez Inc;la simplicité de concrétiser vos projets de manière sûre;847 687 834
909;Da Silva, Delattre et Lecoq;le pouvoir d'avancer naturellement;174 144 415
910;Pereira S.A.S.;le plaisir de changer sans soucis;472 392 558
911;Navarro Inc;l'assurance d'avancer en toute tranquilité;786 498 537
912;Millet, Ruiz et Andre;l'assurance de rouler avant-tout;011 413 735
913;Garcia-Gimenez;le plaisir d'évoluer à sa source;517 650 824
914;Imbert S.A.;le pouvoir de rouler avant-tout;912 401 229
915;Gregoire S.A.;le pouvoir de concrétiser vos projets en toute tranquilité;593 181 261
916;Garnier, Germain et Olivier;la possibilité d'innover avant-tout;144 029 157
917;Hamon-Raynaud;la sécurité de concrétiser vos projets de manière efficace;789 388 416
918;Laurent-Barbe;l'assurance de changer plus rapidement;079 075 214
919;Pereira-Berger;l'art de louer en toute tranquilité;044 116 006
920;Laine, Leclercq et Brunel;la liberté de concrétiser vos projets naturellement;345 506 614
921;Langlois Group;la liberté d'évoluer sans soucis;504 708 589
922;Marion Group;l'avantage de concrétiser vos projets autrement;500 108 709
923;Lemaitre-Marty;la sécurité d'avancer sans soucis;779 109 403
924;Aubry, Pascal et Simon;le droit de concrétiser vos projets sans soucis;325 743 688
925;Ribeiro-Roussel;l'assurance de rouler de manière efficace;782 237 878
926;Verdier, De Oliveira et Germain;la sécurité de rouler de manière efficace;462 277 915
927;Julien-Labbe;la sécurité de rouler en toute sécurité;978 584 211
928;Hebert S.A.S.;le pouvoir d'atteindre vos buts à sa source;558 634 450
929;Leveque, Lamy et Huet;le confort de concrétiser vos projets naturellement;134 219 149
930;Lopes SARL;la sécurité de changer en toute tranquilité;034 467 715
931;Brunel, Guillet et Peron;la sécurité de rouler naturellement;557 185 083
932;Joubert, Ollivier et Lacroix;l'avantage de changer à sa source;796 185 968
933;Gautier, Texier et Louis;la liberté de rouler plus facilement;528 513 425
934;Morin-Lemonnier;l'art d'atteindre vos buts plus facilement;573 756 580
935;Duval-Charles;le confort de rouler autrement;868 900 313
936;Grondin-Lopes;la simplicité d'avancer sans soucis;449 851 856
937;Regnier S.A.R.L.;la possibilité d'avancer à la pointe;466 524 657
938;Meunier S.A.R.L.;le confort de louer à sa source;746 378 847
939;Pons, Girard et Roux;la sécurité d'évoluer en toute tranquilité;255 592 937
940;Pasquier-Moreno;la possibilité de rouler plus facilement;449 719 820
941;Tanguy, Adam et Cordier;la sécurité d'évoluer plus simplement;414 090 507
942;Boucher S.A.S.;la sécurité de concrétiser vos projets de manière efficace;506 555 250
943;Ruiz-Germain;l'assurance de concrétiser vos projets à sa source;973 036 092
944;Thomas-Guillot;la sécurité de concrétiser vos projets naturellement;024 457 428
945;Pottier LLC;le plaisir de concrétiser vos projets de manière sûre;306 107 038
946;Morvan, Gautier et Dupont;le droit de concrétiser vos projets à l'état pur;784 498 296
947;Dumont, Lopez et Fernandes;l'art d'avancer de manière efficace;002 996 421
948;Hebert-Sauvage;l'avantage de rouler sans soucis;717 532 358
949;Mace-Delahaye;l'avantage d'atteindre vos buts à sa source;676 270 868
950;Jean-Prevost;la liberté d'innover de manière sûre;414 551 319
951;Rolland, Chevallier et Lambert;la possibilité d'avancer autrement;672 239 687
952;Delaunay S.A.S.;la possibilité d'évoluer plus facilement;478 342 398
953;Aubry S.A.R.L.;la liberté de louer avant-tout;115 311 058
954;Julien-Lucas;la liberté d'avancer autrement;224 332 980
955;Paris, Gay et Gillet;le confort d'innover à la pointe;158 501 088
956;Nguyen S.A.;l'avantage de louer à l'état pur;478 183 233
957;Chartier, Martel et Berger;le plaisir d'évoluer plus simplement;476 882 665
958;Chartier-Pinto;la sécurité d'évoluer en toute sécurité;802 165 006
959;Rodrigues-Raynaud;la simplicité d'innover avant-tout;586 688 394
960;Duhamel-Durand;le droit d'avancer plus simplement;070 554 598
961;Hoareau, Martins et Couturier;le plaisir d'atteindre vos buts sans soucis;874 566 226
962;Chauvin, Leduc et Mendes;le droit de changer en toute tranquilité;872 974 529
963;Renaud-Lopes;la possibilité de rouler avant-tout;884 491 179
964;Jacquot Group;la sécurité d'atteindre vos buts plus facilement;269 518 775
965;Guillon-Gerard;la simplicité de louer en toute sécurité;650 098 164
966;Millet-Lelievre;la liberté d'atteindre vos buts naturellement;317 830 562
967;Jacques-Raynaud;le confort d'avancer plus simplement;869 485 843
968;Millet S.A.;le confort d'innover sans soucis;987 809 523
969;Navarro-Colin;l'assurance d'évoluer de manière efficace;448 524 298
970;Godard S.A.R.L.;le pouvoir de rouler naturellement;578 931 440
971;Guyot, Lebreton et Chretien;le confort d'innover en toute sécurité;144 313 738
972;Boulanger, Hoarau et Gillet;le pouvoir de louer à l'état pur;044 924 020
973;Sanchez, Vasseur et Bernier;le droit d'évoluer en toute tranquilité;684 248 460
974;Labbe, Dijoux et Verdier;l'art d'innover avant-tout;231 147 883
975;Godard S.A.;la simplicité d'atteindre vos buts de manière sûre;845 468 162
976;Paul, Vaillant et Blanchard;la possibilité de changer en toute sécurité;732 428 961
977;Lebreton S.A.S.;la simplicité de changer plus facilement;333 063 391
978;Martel, Imbert et Baron;le pouvoir de concrétiser vos projets autrement;581 890 825
979;Pages SA;l'art de louer autrement;921 158 966
980;Baron Group;la possibilité de rouler naturellement;642 201 969
981;Barre, Leduc et Moreno;l'avantage d'évoluer à l'état pur;306 974 894
982;Gerard S.A.;l'art d'évoluer de manière efficace;803 539 663
983;Clerc LLC;la sécurité d'avancer à la pointe;120 131 449
984;Monnier, Neveu et Loiseau;la sécurité de changer de manière efficace;447 475 538
985;Gonzalez SA;la liberté de concrétiser vos projets en toute tranquilité;760 801 639
986;Chartier, Menard et Breton;le pouvoir d'innover plus facilement;963 580 719
987;Cohen LLC;le confort de concrétiser vos projets avant-tout;822 778 323
988;Roche LLC;le pouvoir d'innover autrement;150 465 273
989;Durand-Bertin;l'avantage d'innover à la pointe;002 604 935
990;Schneider SA;l'avantage de concrétiser vos projets avant-tout;177 931 900
991;Couturier-Fouquet;la simplicité d'atteindre vos buts autrement;670 070 054
992;Boutin, Colas et Gilles;la simplicité de changer sans soucis;664 501 156
993;Klein-Meyer;le pouvoir de concrétiser vos projets plus rapidement;121 698 617
994;Royer, Gaillard et Guerin;la sécurité d'évoluer naturellement;761 887 677
995;Ollivier, Perrin et Mahe;l'art de concrétiser vos projets avant-tout;345 136 214
996;Ferreira, Lemaire et Guyot;la simplicité de rouler autrement;767 190 905
997;Pinto, Giraud et Marin;le confort d'évoluer autrement;219 315 523
998;Hamon SARL;l'assurance de louer plus simplement;571 429 232
999;Dupont, Laine et Simon;le droit d'avancer plus rapidement;020 120 550
1000;Moreno S.A.R.L.;le droit d'évoluer naturellement;942 335 139
